// Validating benchmarks:
// ***** BenchmarkRunner: Start   *****
// ***** Found 15 benchmark(s) in total *****
// ***** Building 1 exe(s) in Parallel: Start   *****
// start dotnet  restore --nodeReuse:false /p:UseSharedCompilation=false /p:Deterministic=true /p:Optimize=true /p:ArtifactsPath="/Users/personberg/Code/zeta/benchmarks/Zeta.Benchmarks/bin/Release/net10.0/Zeta.Benchmarks-ShortRun-1/" /p:OutDir="/Users/personberg/Code/zeta/benchmarks/Zeta.Benchmarks/bin/Release/net10.0/Zeta.Benchmarks-ShortRun-1/bin/Release/net10.0/" /p:OutputPath="/Users/personberg/Code/zeta/benchmarks/Zeta.Benchmarks/bin/Release/net10.0/Zeta.Benchmarks-ShortRun-1/bin/Release/net10.0/" /p:PublishDir="/Users/personberg/Code/zeta/benchmarks/Zeta.Benchmarks/bin/Release/net10.0/Zeta.Benchmarks-ShortRun-1/publish/" in /Users/personberg/Code/zeta/benchmarks/Zeta.Benchmarks/bin/Release/net10.0/Zeta.Benchmarks-ShortRun-1
// command took 0.83 sec and exited with 0
// start dotnet  build -c Release --no-restore --nodeReuse:false /p:UseSharedCompilation=false /p:Deterministic=true /p:Optimize=true /p:ArtifactsPath="/Users/personberg/Code/zeta/benchmarks/Zeta.Benchmarks/bin/Release/net10.0/Zeta.Benchmarks-ShortRun-1/" /p:OutDir="/Users/personberg/Code/zeta/benchmarks/Zeta.Benchmarks/bin/Release/net10.0/Zeta.Benchmarks-ShortRun-1/bin/Release/net10.0/" /p:OutputPath="/Users/personberg/Code/zeta/benchmarks/Zeta.Benchmarks/bin/Release/net10.0/Zeta.Benchmarks-ShortRun-1/bin/Release/net10.0/" /p:PublishDir="/Users/personberg/Code/zeta/benchmarks/Zeta.Benchmarks/bin/Release/net10.0/Zeta.Benchmarks-ShortRun-1/publish/" --output "/Users/personberg/Code/zeta/benchmarks/Zeta.Benchmarks/bin/Release/net10.0/Zeta.Benchmarks-ShortRun-1/bin/Release/net10.0/" in /Users/personberg/Code/zeta/benchmarks/Zeta.Benchmarks/bin/Release/net10.0/Zeta.Benchmarks-ShortRun-1
// command took 4.95 sec and exited with 0
// ***** Done, took 00:00:05 (5.9 sec)   *****
// Found 3 benchmarks:
//   AllocationBenchmarks.ValidateStringWithMultipleRules: ShortRun(IterationCount=3, LaunchCount=1, WarmupCount=3)
//   AllocationBenchmarks.ValidateIntWithMinMax: ShortRun(IterationCount=3, LaunchCount=1, WarmupCount=3)
//   AllocationBenchmarks.ValidateStringWithManyRules: ShortRun(IterationCount=3, LaunchCount=1, WarmupCount=3)

// **************************
// Benchmark: AllocationBenchmarks.ValidateStringWithMultipleRules: ShortRun(IterationCount=3, LaunchCount=1, WarmupCount=3)
// *** Execute ***
// Launch: 1 / 1
// Execute: dotnet Zeta.Benchmarks-ShortRun-1.dll --anonymousPipes 140 142 --benchmarkName Zeta.Benchmarks.AllocationBenchmarks.ValidateStringWithMultipleRules --job ShortRun --benchmarkId 0 in /Users/personberg/Code/zeta/benchmarks/Zeta.Benchmarks/bin/Release/net10.0/Zeta.Benchmarks-ShortRun-1/bin/Release/net10.0
// Failed to set up high priority (Permission denied). In order to run benchmarks with high priority, make sure you have the right permissions.
// BeforeAnythingElse

// Benchmark Process Environment Information:
// BenchmarkDotNet v0.15.8
// Runtime=.NET 10.0.8 (10.0.8, 10.0.826.23019), Arm64 RyuJIT armv8.0-a
// GC=Concurrent Workstation
// HardwareIntrinsics=ArmBase+AdvSimd,AES,CRC32,DP,RDM,SHA1,SHA256 VectorSize=128
// Job: ShortRun(IterationCount=3, LaunchCount=1, WarmupCount=3)

OverheadJitting  1: 1 op, 93625.00 ns, 93.6250 us/op
WorkloadJitting  1: 1 op, 6663833.00 ns, 6.6638 ms/op

OverheadJitting  2: 16 op, 320083.00 ns, 20.0052 us/op
WorkloadJitting  2: 16 op, 294250.00 ns, 18.3906 us/op

WorkloadPilot    1: 16 op, 16292.00 ns, 1.0183 us/op
WorkloadPilot    2: 32 op, 20542.00 ns, 641.9375 ns/op
WorkloadPilot    3: 64 op, 38792.00 ns, 606.1250 ns/op
WorkloadPilot    4: 128 op, 65333.00 ns, 510.4141 ns/op
WorkloadPilot    5: 256 op, 115500.00 ns, 451.1719 ns/op
WorkloadPilot    6: 512 op, 215959.00 ns, 421.7949 ns/op
WorkloadPilot    7: 1024 op, 432792.00 ns, 422.6484 ns/op
WorkloadPilot    8: 2048 op, 878458.00 ns, 428.9346 ns/op
WorkloadPilot    9: 4096 op, 1771542.00 ns, 432.5054 ns/op
WorkloadPilot   10: 8192 op, 3640792.00 ns, 444.4326 ns/op
WorkloadPilot   11: 16384 op, 7113167.00 ns, 434.1533 ns/op
WorkloadPilot   12: 32768 op, 14026458.00 ns, 428.0535 ns/op
WorkloadPilot   13: 65536 op, 28502041.00 ns, 434.9066 ns/op
WorkloadPilot   14: 131072 op, 56420958.00 ns, 430.4577 ns/op
WorkloadPilot   15: 262144 op, 57047750.00 ns, 217.6199 ns/op
WorkloadPilot   16: 524288 op, 50677500.00 ns, 96.6597 ns/op
WorkloadPilot   17: 1048576 op, 101418125.00 ns, 96.7199 ns/op
WorkloadPilot   18: 2097152 op, 204183750.00 ns, 97.3624 ns/op
WorkloadPilot   19: 4194304 op, 407134708.00 ns, 97.0685 ns/op
WorkloadPilot   20: 8388608 op, 812763417.00 ns, 96.8889 ns/op

OverheadWarmup   1: 8388608 op, 16727875.00 ns, 1.9941 ns/op
OverheadWarmup   2: 8388608 op, 16613166.00 ns, 1.9804 ns/op
OverheadWarmup   3: 8388608 op, 16348792.00 ns, 1.9489 ns/op
OverheadWarmup   4: 8388608 op, 16326917.00 ns, 1.9463 ns/op
OverheadWarmup   5: 8388608 op, 16825250.00 ns, 2.0057 ns/op
OverheadWarmup   6: 8388608 op, 16731667.00 ns, 1.9946 ns/op
OverheadWarmup   7: 8388608 op, 16282791.00 ns, 1.9411 ns/op
OverheadWarmup   8: 8388608 op, 16514125.00 ns, 1.9686 ns/op
OverheadWarmup   9: 8388608 op, 16262125.00 ns, 1.9386 ns/op

OverheadActual   1: 8388608 op, 16511750.00 ns, 1.9684 ns/op
OverheadActual   2: 8388608 op, 16501375.00 ns, 1.9671 ns/op
OverheadActual   3: 8388608 op, 16463834.00 ns, 1.9626 ns/op
OverheadActual   4: 8388608 op, 16641375.00 ns, 1.9838 ns/op
OverheadActual   5: 8388608 op, 16507042.00 ns, 1.9678 ns/op
OverheadActual   6: 8388608 op, 16558375.00 ns, 1.9739 ns/op
OverheadActual   7: 8388608 op, 16370625.00 ns, 1.9515 ns/op
OverheadActual   8: 8388608 op, 16346041.00 ns, 1.9486 ns/op
OverheadActual   9: 8388608 op, 16444709.00 ns, 1.9604 ns/op
OverheadActual  10: 8388608 op, 16557792.00 ns, 1.9738 ns/op
OverheadActual  11: 8388608 op, 16770791.00 ns, 1.9992 ns/op
OverheadActual  12: 8388608 op, 16359375.00 ns, 1.9502 ns/op
OverheadActual  13: 8388608 op, 16477125.00 ns, 1.9642 ns/op
OverheadActual  14: 8388608 op, 16548541.00 ns, 1.9727 ns/op
OverheadActual  15: 8388608 op, 15442792.00 ns, 1.8409 ns/op

WorkloadWarmup   1: 8388608 op, 808498542.00 ns, 96.3805 ns/op
WorkloadWarmup   2: 8388608 op, 811345625.00 ns, 96.7199 ns/op
WorkloadWarmup   3: 8388608 op, 822571625.00 ns, 98.0582 ns/op

// BeforeActualRun
WorkloadActual   1: 8388608 op, 815408334.00 ns, 97.2042 ns/op
WorkloadActual   2: 8388608 op, 810713750.00 ns, 96.6446 ns/op
WorkloadActual   3: 8388608 op, 811335750.00 ns, 96.7188 ns/op

// AfterActualRun
WorkloadResult   1: 8388608 op, 798906959.00 ns, 95.2371 ns/op
WorkloadResult   2: 8388608 op, 794212375.00 ns, 94.6775 ns/op
WorkloadResult   3: 8388608 op, 794834375.00 ns, 94.7516 ns/op
// GC:  0 0 0 0 8388608
// Threading:  0 0 8388608

// AfterAll
// Benchmark Process 75152 has exited with code 0.

Mean = 94.889 ns, StdErr = 0.175 ns (0.18%), N = 3, StdDev = 0.304 ns
Min = 94.677 ns, Q1 = 94.715 ns, Median = 94.752 ns, Q3 = 94.994 ns, Max = 95.237 ns
IQR = 0.280 ns, LowerFence = 94.295 ns, UpperFence = 95.414 ns
ConfidenceInterval = [89.343 ns; 100.434 ns] (CI 99.9%), Margin = 5.546 ns (5.84% of Mean)
Skewness = 0.36, Kurtosis = 0.67, MValue = 2

// ** Remained 14 (93.3%) benchmark(s) to run. Estimated finish 2026-07-02 21:15 (0h 1m from now) **
// **************************
// Benchmark: AllocationBenchmarks.ValidateIntWithMinMax: ShortRun(IterationCount=3, LaunchCount=1, WarmupCount=3)
// *** Execute ***
// Launch: 1 / 1
// Execute: dotnet Zeta.Benchmarks-ShortRun-1.dll --anonymousPipes 140 142 --benchmarkName Zeta.Benchmarks.AllocationBenchmarks.ValidateIntWithMinMax --job ShortRun --benchmarkId 1 in /Users/personberg/Code/zeta/benchmarks/Zeta.Benchmarks/bin/Release/net10.0/Zeta.Benchmarks-ShortRun-1/bin/Release/net10.0
// Failed to set up high priority (Permission denied). In order to run benchmarks with high priority, make sure you have the right permissions.
// BeforeAnythingElse

// Benchmark Process Environment Information:
// BenchmarkDotNet v0.15.8
// Runtime=.NET 10.0.8 (10.0.8, 10.0.826.23019), Arm64 RyuJIT armv8.0-a
// GC=Concurrent Workstation
// HardwareIntrinsics=ArmBase+AdvSimd,AES,CRC32,DP,RDM,SHA1,SHA256 VectorSize=128
// Job: ShortRun(IterationCount=3, LaunchCount=1, WarmupCount=3)

OverheadJitting  1: 1 op, 84334.00 ns, 84.3340 us/op
WorkloadJitting  1: 1 op, 2585417.00 ns, 2.5854 ms/op

OverheadJitting  2: 16 op, 220125.00 ns, 13.7578 us/op
WorkloadJitting  2: 16 op, 240041.00 ns, 15.0026 us/op

WorkloadPilot    1: 16 op, 9583.00 ns, 598.9375 ns/op
WorkloadPilot    2: 32 op, 13792.00 ns, 431.0000 ns/op
WorkloadPilot    3: 64 op, 23500.00 ns, 367.1875 ns/op
WorkloadPilot    4: 128 op, 37375.00 ns, 291.9922 ns/op
WorkloadPilot    5: 256 op, 71958.00 ns, 281.0859 ns/op
WorkloadPilot    6: 512 op, 134417.00 ns, 262.5332 ns/op
WorkloadPilot    7: 1024 op, 259000.00 ns, 252.9297 ns/op
WorkloadPilot    8: 2048 op, 509208.00 ns, 248.6367 ns/op
WorkloadPilot    9: 4096 op, 1089917.00 ns, 266.0930 ns/op
WorkloadPilot   10: 8192 op, 2267709.00 ns, 276.8199 ns/op
WorkloadPilot   11: 16384 op, 4382000.00 ns, 267.4561 ns/op
WorkloadPilot   12: 32768 op, 8437833.00 ns, 257.5022 ns/op
WorkloadPilot   13: 65536 op, 16943666.00 ns, 258.5398 ns/op
WorkloadPilot   14: 131072 op, 34475833.00 ns, 263.0297 ns/op
WorkloadPilot   15: 262144 op, 67365208.00 ns, 256.9779 ns/op
WorkloadPilot   16: 524288 op, 34631250.00 ns, 66.0539 ns/op
WorkloadPilot   17: 1048576 op, 41105208.00 ns, 39.2010 ns/op
WorkloadPilot   18: 2097152 op, 82011791.00 ns, 39.1063 ns/op
WorkloadPilot   19: 4194304 op, 163087500.00 ns, 38.8831 ns/op
WorkloadPilot   20: 8388608 op, 330192792.00 ns, 39.3620 ns/op
WorkloadPilot   21: 16777216 op, 661500500.00 ns, 39.4285 ns/op

OverheadWarmup   1: 16777216 op, 32854834.00 ns, 1.9583 ns/op
OverheadWarmup   2: 16777216 op, 33509250.00 ns, 1.9973 ns/op
OverheadWarmup   3: 16777216 op, 32921000.00 ns, 1.9622 ns/op
OverheadWarmup   4: 16777216 op, 32953417.00 ns, 1.9642 ns/op
OverheadWarmup   5: 16777216 op, 32969292.00 ns, 1.9651 ns/op
OverheadWarmup   6: 16777216 op, 33291417.00 ns, 1.9843 ns/op
OverheadWarmup   7: 16777216 op, 33384125.00 ns, 1.9898 ns/op
OverheadWarmup   8: 16777216 op, 33245625.00 ns, 1.9816 ns/op

OverheadActual   1: 16777216 op, 33233709.00 ns, 1.9809 ns/op
OverheadActual   2: 16777216 op, 33362334.00 ns, 1.9886 ns/op
OverheadActual   3: 16777216 op, 32953083.00 ns, 1.9642 ns/op
OverheadActual   4: 16777216 op, 33407292.00 ns, 1.9912 ns/op
OverheadActual   5: 16777216 op, 32920042.00 ns, 1.9622 ns/op
OverheadActual   6: 16777216 op, 32805208.00 ns, 1.9553 ns/op
OverheadActual   7: 16777216 op, 33061041.00 ns, 1.9706 ns/op
OverheadActual   8: 16777216 op, 22757500.00 ns, 1.3565 ns/op
OverheadActual   9: 16777216 op, 16572875.00 ns, 0.9878 ns/op
OverheadActual  10: 16777216 op, 16682542.00 ns, 0.9944 ns/op
OverheadActual  11: 16777216 op, 16573917.00 ns, 0.9879 ns/op
OverheadActual  12: 16777216 op, 16579458.00 ns, 0.9882 ns/op
OverheadActual  13: 16777216 op, 16559083.00 ns, 0.9870 ns/op
OverheadActual  14: 16777216 op, 16542166.00 ns, 0.9860 ns/op
OverheadActual  15: 16777216 op, 16574250.00 ns, 0.9879 ns/op
OverheadActual  16: 16777216 op, 16435584.00 ns, 0.9796 ns/op
OverheadActual  17: 16777216 op, 16715417.00 ns, 0.9963 ns/op
OverheadActual  18: 16777216 op, 16810542.00 ns, 1.0020 ns/op
OverheadActual  19: 16777216 op, 17078584.00 ns, 1.0180 ns/op
OverheadActual  20: 16777216 op, 16804625.00 ns, 1.0016 ns/op

WorkloadWarmup   1: 16777216 op, 658902208.00 ns, 39.2736 ns/op
WorkloadWarmup   2: 16777216 op, 659480833.00 ns, 39.3081 ns/op
WorkloadWarmup   3: 16777216 op, 657130500.00 ns, 39.1680 ns/op

// BeforeActualRun
WorkloadActual   1: 16777216 op, 657281000.00 ns, 39.1770 ns/op
WorkloadActual   2: 16777216 op, 657471542.00 ns, 39.1884 ns/op
WorkloadActual   3: 16777216 op, 659691291.00 ns, 39.3207 ns/op

// AfterActualRun
WorkloadResult   1: 16777216 op, 640473416.50 ns, 38.1752 ns/op
WorkloadResult   2: 16777216 op, 640663958.50 ns, 38.1865 ns/op
WorkloadResult   3: 16777216 op, 642883707.50 ns, 38.3189 ns/op
// GC:  64 0 0 536870912 16777216
// Threading:  0 0 16777216

// AfterAll
// Benchmark Process 75413 has exited with code 0.

Mean = 38.227 ns, StdErr = 0.046 ns (0.12%), N = 3, StdDev = 0.080 ns
Min = 38.175 ns, Q1 = 38.181 ns, Median = 38.187 ns, Q3 = 38.253 ns, Max = 38.319 ns
IQR = 0.072 ns, LowerFence = 38.073 ns, UpperFence = 38.360 ns
ConfidenceInterval = [36.770 ns; 39.684 ns] (CI 99.9%), Margin = 1.457 ns (3.81% of Mean)
Skewness = 0.38, Kurtosis = 0.67, MValue = 2

// ** Remained 13 (86.7%) benchmark(s) to run. Estimated finish 2026-07-02 21:15 (0h 1m from now) **
// **************************
// Benchmark: AllocationBenchmarks.ValidateStringWithManyRules: ShortRun(IterationCount=3, LaunchCount=1, WarmupCount=3)
// *** Execute ***
// Launch: 1 / 1
// Execute: dotnet Zeta.Benchmarks-ShortRun-1.dll --anonymousPipes 140 142 --benchmarkName Zeta.Benchmarks.AllocationBenchmarks.ValidateStringWithManyRules --job ShortRun --benchmarkId 2 in /Users/personberg/Code/zeta/benchmarks/Zeta.Benchmarks/bin/Release/net10.0/Zeta.Benchmarks-ShortRun-1/bin/Release/net10.0
// Failed to set up high priority (Permission denied). In order to run benchmarks with high priority, make sure you have the right permissions.
// BeforeAnythingElse

// Benchmark Process Environment Information:
// BenchmarkDotNet v0.15.8
// Runtime=.NET 10.0.8 (10.0.8, 10.0.826.23019), Arm64 RyuJIT armv8.0-a
// GC=Concurrent Workstation
// HardwareIntrinsics=ArmBase+AdvSimd,AES,CRC32,DP,RDM,SHA1,SHA256 VectorSize=128
// Job: ShortRun(IterationCount=3, LaunchCount=1, WarmupCount=3)

OverheadJitting  1: 1 op, 109541.00 ns, 109.5410 us/op
WorkloadJitting  1: 1 op, 7024875.00 ns, 7.0249 ms/op

OverheadJitting  2: 16 op, 239542.00 ns, 14.9714 us/op
WorkloadJitting  2: 16 op, 246583.00 ns, 15.4114 us/op

WorkloadPilot    1: 16 op, 16042.00 ns, 1.0026 us/op
WorkloadPilot    2: 32 op, 21291.00 ns, 665.3438 ns/op
WorkloadPilot    3: 64 op, 52042.00 ns, 813.1563 ns/op
WorkloadPilot    4: 128 op, 71791.00 ns, 560.8672 ns/op
WorkloadPilot    5: 256 op, 145292.00 ns, 567.5469 ns/op
WorkloadPilot    6: 512 op, 293416.00 ns, 573.0781 ns/op
WorkloadPilot    7: 1024 op, 557459.00 ns, 544.3936 ns/op
WorkloadPilot    8: 2048 op, 1115292.00 ns, 544.5762 ns/op
WorkloadPilot    9: 4096 op, 2166250.00 ns, 528.8696 ns/op
WorkloadPilot   10: 8192 op, 4384125.00 ns, 535.1715 ns/op
WorkloadPilot   11: 16384 op, 8760625.00 ns, 534.7061 ns/op
WorkloadPilot   12: 32768 op, 17219791.00 ns, 525.5063 ns/op
WorkloadPilot   13: 65536 op, 34371042.00 ns, 524.4605 ns/op
WorkloadPilot   14: 131072 op, 70160750.00 ns, 535.2840 ns/op
WorkloadPilot   15: 262144 op, 47279250.00 ns, 180.3560 ns/op
WorkloadPilot   16: 524288 op, 67182583.00 ns, 128.1406 ns/op
WorkloadPilot   17: 1048576 op, 134776291.00 ns, 128.5327 ns/op
WorkloadPilot   18: 2097152 op, 273379833.00 ns, 130.3577 ns/op
WorkloadPilot   19: 4194304 op, 544738542.00 ns, 129.8758 ns/op

OverheadWarmup   1: 4194304 op, 8330000.00 ns, 1.9860 ns/op
OverheadWarmup   2: 4194304 op, 8189250.00 ns, 1.9525 ns/op
OverheadWarmup   3: 4194304 op, 8277292.00 ns, 1.9735 ns/op
OverheadWarmup   4: 4194304 op, 8191083.00 ns, 1.9529 ns/op
OverheadWarmup   5: 4194304 op, 8155958.00 ns, 1.9445 ns/op
OverheadWarmup   6: 4194304 op, 8238875.00 ns, 1.9643 ns/op
OverheadWarmup   7: 4194304 op, 8337250.00 ns, 1.9878 ns/op
OverheadWarmup   8: 4194304 op, 8133541.00 ns, 1.9392 ns/op

OverheadActual   1: 4194304 op, 8279667.00 ns, 1.9740 ns/op
OverheadActual   2: 4194304 op, 8163584.00 ns, 1.9464 ns/op
OverheadActual   3: 4194304 op, 8144958.00 ns, 1.9419 ns/op
OverheadActual   4: 4194304 op, 8446792.00 ns, 2.0139 ns/op
OverheadActual   5: 4194304 op, 8176084.00 ns, 1.9493 ns/op
OverheadActual   6: 4194304 op, 8210084.00 ns, 1.9574 ns/op
OverheadActual   7: 4194304 op, 8149292.00 ns, 1.9429 ns/op
OverheadActual   8: 4194304 op, 8079625.00 ns, 1.9263 ns/op
OverheadActual   9: 4194304 op, 8164792.00 ns, 1.9466 ns/op
OverheadActual  10: 4194304 op, 8177333.00 ns, 1.9496 ns/op
OverheadActual  11: 4194304 op, 8108917.00 ns, 1.9333 ns/op
OverheadActual  12: 4194304 op, 8182125.00 ns, 1.9508 ns/op
OverheadActual  13: 4194304 op, 8138250.00 ns, 1.9403 ns/op
OverheadActual  14: 4194304 op, 8279125.00 ns, 1.9739 ns/op
OverheadActual  15: 4194304 op, 8396750.00 ns, 2.0019 ns/op

WorkloadWarmup   1: 4194304 op, 546114583.00 ns, 130.2039 ns/op
WorkloadWarmup   2: 4194304 op, 539277417.00 ns, 128.5738 ns/op
WorkloadWarmup   3: 4194304 op, 544962959.00 ns, 129.9293 ns/op

// BeforeActualRun
WorkloadActual   1: 4194304 op, 538494000.00 ns, 128.3870 ns/op
WorkloadActual   2: 4194304 op, 545272583.00 ns, 130.0031 ns/op
WorkloadActual   3: 4194304 op, 538321792.00 ns, 128.3459 ns/op

// AfterActualRun
WorkloadResult   1: 4194304 op, 530317916.00 ns, 126.4376 ns/op
WorkloadResult   2: 4194304 op, 537096499.00 ns, 128.0538 ns/op
WorkloadResult   3: 4194304 op, 530145708.00 ns, 126.3966 ns/op
// GC:  0 0 0 0 4194304
// Threading:  0 0 4194304

// AfterAll
// Benchmark Process 75615 has exited with code 0.

Mean = 126.963 ns, StdErr = 0.546 ns (0.43%), N = 3, StdDev = 0.945 ns
Min = 126.397 ns, Q1 = 126.417 ns, Median = 126.438 ns, Q3 = 127.246 ns, Max = 128.054 ns
IQR = 0.829 ns, LowerFence = 125.174 ns, UpperFence = 128.489 ns
ConfidenceInterval = [109.720 ns; 144.206 ns] (CI 99.9%), Margin = 17.243 ns (13.58% of Mean)
Skewness = 0.38, Kurtosis = 0.67, MValue = 2

// ** Remained 12 (80.0%) benchmark(s) to run. Estimated finish 2026-07-02 21:15 (0h 1m from now) **
// ***** BenchmarkRunner: Finish  *****

// * Export *
  BenchmarkDotNet.Artifacts/results/Zeta.Benchmarks.AllocationBenchmarks-report.csv
  BenchmarkDotNet.Artifacts/results/Zeta.Benchmarks.AllocationBenchmarks-report-github.md
  BenchmarkDotNet.Artifacts/results/Zeta.Benchmarks.AllocationBenchmarks-report.html

// * Detailed results *
AllocationBenchmarks.ValidateStringWithMultipleRules: ShortRun(IterationCount=3, LaunchCount=1, WarmupCount=3)
Runtime = .NET 10.0.8 (10.0.8, 10.0.826.23019), Arm64 RyuJIT armv8.0-a; GC = Concurrent Workstation
Mean = 94.889 ns, StdErr = 0.175 ns (0.18%), N = 3, StdDev = 0.304 ns
Min = 94.677 ns, Q1 = 94.715 ns, Median = 94.752 ns, Q3 = 94.994 ns, Max = 95.237 ns
IQR = 0.280 ns, LowerFence = 94.295 ns, UpperFence = 95.414 ns
ConfidenceInterval = [89.343 ns; 100.434 ns] (CI 99.9%), Margin = 5.546 ns (5.84% of Mean)
Skewness = 0.36, Kurtosis = 0.67, MValue = 2
-------------------- Histogram --------------------
[94.401 ns ; 95.514 ns) | @@@
---------------------------------------------------

AllocationBenchmarks.ValidateIntWithMinMax: ShortRun(IterationCount=3, LaunchCount=1, WarmupCount=3)
Runtime = .NET 10.0.8 (10.0.8, 10.0.826.23019), Arm64 RyuJIT armv8.0-a; GC = Concurrent Workstation
Mean = 38.227 ns, StdErr = 0.046 ns (0.12%), N = 3, StdDev = 0.080 ns
Min = 38.175 ns, Q1 = 38.181 ns, Median = 38.187 ns, Q3 = 38.253 ns, Max = 38.319 ns
IQR = 0.072 ns, LowerFence = 38.073 ns, UpperFence = 38.360 ns
ConfidenceInterval = [36.770 ns; 39.684 ns] (CI 99.9%), Margin = 1.457 ns (3.81% of Mean)
Skewness = 0.38, Kurtosis = 0.67, MValue = 2
-------------------- Histogram --------------------
[38.174 ns ; 38.320 ns) | @@@
---------------------------------------------------

AllocationBenchmarks.ValidateStringWithManyRules: ShortRun(IterationCount=3, LaunchCount=1, WarmupCount=3)
Runtime = .NET 10.0.8 (10.0.8, 10.0.826.23019), Arm64 RyuJIT armv8.0-a; GC = Concurrent Workstation
Mean = 126.963 ns, StdErr = 0.546 ns (0.43%), N = 3, StdDev = 0.945 ns
Min = 126.397 ns, Q1 = 126.417 ns, Median = 126.438 ns, Q3 = 127.246 ns, Max = 128.054 ns
IQR = 0.829 ns, LowerFence = 125.174 ns, UpperFence = 128.489 ns
ConfidenceInterval = [109.720 ns; 144.206 ns] (CI 99.9%), Margin = 17.243 ns (13.58% of Mean)
Skewness = 0.38, Kurtosis = 0.67, MValue = 2
-------------------- Histogram --------------------
[126.365 ns ; 128.085 ns) | @@@
---------------------------------------------------

// * Summary *

BenchmarkDotNet v0.15.8, macOS Tahoe 26.2 (25C56) [Darwin 25.2.0]
Apple M2 Pro, 1 CPU, 12 logical and 12 physical cores
.NET SDK 10.0.300
  [Host]   : .NET 10.0.8 (10.0.8, 10.0.826.23019), Arm64 RyuJIT armv8.0-a
  ShortRun : .NET 10.0.8 (10.0.8, 10.0.826.23019), Arm64 RyuJIT armv8.0-a

Job=ShortRun  IterationCount=3  LaunchCount=1  
WarmupCount=3  

| Method                          | Mean      | Error     | StdDev   | Gen0   | Allocated |
|-------------------------------- |----------:|----------:|---------:|-------:|----------:|
| ValidateStringWithMultipleRules |  94.89 ns |  5.546 ns | 0.304 ns |      - |         - |
| ValidateIntWithMinMax           |  38.23 ns |  1.457 ns | 0.080 ns | 0.0038 |      32 B |
| ValidateStringWithManyRules     | 126.96 ns | 17.243 ns | 0.945 ns |      - |         - |

// * Legends *
  Mean      : Arithmetic mean of all measurements
  Error     : Half of 99.9% confidence interval
  StdDev    : Standard deviation of all measurements
  Gen0      : GC Generation 0 collects per 1000 operations
  Allocated : Allocated memory per single operation (managed only, inclusive, 1KB = 1024B)
  1 ns      : 1 Nanosecond (0.000000001 sec)

// * Diagnostic Output - MemoryDiagnoser *


// ***** BenchmarkRunner: End *****
Run time: 00:00:20 (20.31 sec), executed benchmarks: 3

// Found 4 benchmarks:
//   ComplexValidationBenchmarks.Zeta_Valid: DefaultJob
//   ComplexValidationBenchmarks.FluentValidation_Valid: DefaultJob
//   ComplexValidationBenchmarks.Zeta_Invalid: DefaultJob
//   ComplexValidationBenchmarks.FluentValidation_Invalid: DefaultJob

// **************************
// Benchmark: ComplexValidationBenchmarks.Zeta_Valid: DefaultJob
// *** Execute ***
// Launch: 1 / 1
// Execute: dotnet Zeta.Benchmarks-ShortRun-1.dll --anonymousPipes 113 114 --benchmarkName Zeta.Benchmarks.ComplexValidationBenchmarks.Zeta_Valid --job Default --benchmarkId 3 in /Users/personberg/Code/zeta/benchmarks/Zeta.Benchmarks/bin/Release/net10.0/Zeta.Benchmarks-ShortRun-1/bin/Release/net10.0
// Failed to set up high priority (Permission denied). In order to run benchmarks with high priority, make sure you have the right permissions.
// BeforeAnythingElse

// Benchmark Process Environment Information:
// BenchmarkDotNet v0.15.8
// Runtime=.NET 10.0.8 (10.0.8, 10.0.826.23019), Arm64 RyuJIT armv8.0-a
// GC=Concurrent Workstation
// HardwareIntrinsics=ArmBase+AdvSimd,AES,CRC32,DP,RDM,SHA1,SHA256 VectorSize=128
// Job: DefaultJob

OverheadJitting  1: 1 op, 352208.00 ns, 352.2080 us/op
WorkloadJitting  1: 1 op, 11789458.00 ns, 11.7895 ms/op

OverheadJitting  2: 16 op, 245542.00 ns, 15.3464 us/op
WorkloadJitting  2: 16 op, 487667.00 ns, 30.4792 us/op

WorkloadPilot    1: 16 op, 145542.00 ns, 9.0964 us/op
WorkloadPilot    2: 32 op, 270209.00 ns, 8.4440 us/op
WorkloadPilot    3: 64 op, 520042.00 ns, 8.1257 us/op
WorkloadPilot    4: 128 op, 1067750.00 ns, 8.3418 us/op
WorkloadPilot    5: 256 op, 2085542.00 ns, 8.1466 us/op
WorkloadPilot    6: 512 op, 4348334.00 ns, 8.4928 us/op
WorkloadPilot    7: 1024 op, 8734125.00 ns, 8.5294 us/op
WorkloadPilot    8: 2048 op, 17437500.00 ns, 8.5144 us/op
WorkloadPilot    9: 4096 op, 34239083.00 ns, 8.3592 us/op
WorkloadPilot   10: 8192 op, 71000167.00 ns, 8.6670 us/op
WorkloadPilot   11: 16384 op, 41988625.00 ns, 2.5628 us/op
WorkloadPilot   12: 32768 op, 52068750.00 ns, 1.5890 us/op
WorkloadPilot   13: 65536 op, 103357875.00 ns, 1.5771 us/op
WorkloadPilot   14: 131072 op, 207789708.00 ns, 1.5853 us/op
WorkloadPilot   15: 262144 op, 414485125.00 ns, 1.5811 us/op
WorkloadPilot   16: 524288 op, 827484959.00 ns, 1.5783 us/op

OverheadWarmup   1: 524288 op, 992959.00 ns, 1.8939 ns/op
OverheadWarmup   2: 524288 op, 1026834.00 ns, 1.9585 ns/op
OverheadWarmup   3: 524288 op, 1023291.00 ns, 1.9518 ns/op
OverheadWarmup   4: 524288 op, 1006958.00 ns, 1.9206 ns/op
OverheadWarmup   5: 524288 op, 1026792.00 ns, 1.9585 ns/op
OverheadWarmup   6: 524288 op, 1072417.00 ns, 2.0455 ns/op
OverheadWarmup   7: 524288 op, 1065541.00 ns, 2.0324 ns/op

OverheadActual   1: 524288 op, 1063250.00 ns, 2.0280 ns/op
OverheadActual   2: 524288 op, 1046250.00 ns, 1.9956 ns/op
OverheadActual   3: 524288 op, 1073084.00 ns, 2.0467 ns/op
OverheadActual   4: 524288 op, 1081875.00 ns, 2.0635 ns/op
OverheadActual   5: 524288 op, 1019334.00 ns, 1.9442 ns/op
OverheadActual   6: 524288 op, 1058333.00 ns, 2.0186 ns/op
OverheadActual   7: 524288 op, 1056375.00 ns, 2.0149 ns/op
OverheadActual   8: 524288 op, 1035041.00 ns, 1.9742 ns/op
OverheadActual   9: 524288 op, 1038125.00 ns, 1.9801 ns/op
OverheadActual  10: 524288 op, 1043208.00 ns, 1.9898 ns/op
OverheadActual  11: 524288 op, 1059042.00 ns, 2.0200 ns/op
OverheadActual  12: 524288 op, 1062917.00 ns, 2.0274 ns/op
OverheadActual  13: 524288 op, 1014000.00 ns, 1.9341 ns/op
OverheadActual  14: 524288 op, 1047708.00 ns, 1.9983 ns/op
OverheadActual  15: 524288 op, 1018667.00 ns, 1.9430 ns/op

WorkloadWarmup   1: 524288 op, 832317750.00 ns, 1.5875 us/op
WorkloadWarmup   2: 524288 op, 829057291.00 ns, 1.5813 us/op
WorkloadWarmup   3: 524288 op, 841945625.00 ns, 1.6059 us/op
WorkloadWarmup   4: 524288 op, 846277125.00 ns, 1.6141 us/op
WorkloadWarmup   5: 524288 op, 833302875.00 ns, 1.5894 us/op
WorkloadWarmup   6: 524288 op, 828639542.00 ns, 1.5805 us/op
WorkloadWarmup   7: 524288 op, 829980750.00 ns, 1.5831 us/op
WorkloadWarmup   8: 524288 op, 840014125.00 ns, 1.6022 us/op
WorkloadWarmup   9: 524288 op, 842018458.00 ns, 1.6060 us/op
WorkloadWarmup  10: 524288 op, 831827250.00 ns, 1.5866 us/op

// BeforeActualRun
WorkloadActual   1: 524288 op, 832196291.00 ns, 1.5873 us/op
WorkloadActual   2: 524288 op, 831859292.00 ns, 1.5866 us/op
WorkloadActual   3: 524288 op, 828729458.00 ns, 1.5807 us/op
WorkloadActual   4: 524288 op, 826941416.00 ns, 1.5773 us/op
WorkloadActual   5: 524288 op, 829698917.00 ns, 1.5825 us/op
WorkloadActual   6: 524288 op, 828779958.00 ns, 1.5808 us/op
WorkloadActual   7: 524288 op, 829292292.00 ns, 1.5817 us/op
WorkloadActual   8: 524288 op, 828274959.00 ns, 1.5798 us/op
WorkloadActual   9: 524288 op, 827479292.00 ns, 1.5783 us/op
WorkloadActual  10: 524288 op, 831692459.00 ns, 1.5863 us/op
WorkloadActual  11: 524288 op, 832831583.00 ns, 1.5885 us/op
WorkloadActual  12: 524288 op, 829245916.00 ns, 1.5817 us/op
WorkloadActual  13: 524288 op, 829235917.00 ns, 1.5816 us/op
WorkloadActual  14: 524288 op, 825686208.00 ns, 1.5749 us/op
WorkloadActual  15: 524288 op, 826977625.00 ns, 1.5773 us/op

// AfterActualRun
WorkloadResult   1: 524288 op, 831148583.00 ns, 1.5853 us/op
WorkloadResult   2: 524288 op, 830811584.00 ns, 1.5846 us/op
WorkloadResult   3: 524288 op, 827681750.00 ns, 1.5787 us/op
WorkloadResult   4: 524288 op, 825893708.00 ns, 1.5753 us/op
WorkloadResult   5: 524288 op, 828651209.00 ns, 1.5805 us/op
WorkloadResult   6: 524288 op, 827732250.00 ns, 1.5788 us/op
WorkloadResult   7: 524288 op, 828244584.00 ns, 1.5798 us/op
WorkloadResult   8: 524288 op, 827227251.00 ns, 1.5778 us/op
WorkloadResult   9: 524288 op, 826431584.00 ns, 1.5763 us/op
WorkloadResult  10: 524288 op, 830644751.00 ns, 1.5843 us/op
WorkloadResult  11: 524288 op, 831783875.00 ns, 1.5865 us/op
WorkloadResult  12: 524288 op, 828198208.00 ns, 1.5797 us/op
WorkloadResult  13: 524288 op, 828188209.00 ns, 1.5796 us/op
WorkloadResult  14: 524288 op, 824638500.00 ns, 1.5729 us/op
WorkloadResult  15: 524288 op, 825929917.00 ns, 1.5753 us/op
// GC:  59 0 0 499122176 524288
// Threading:  0 0 524288

// AfterAll
// Benchmark Process 75922 has exited with code 0.

Mean = 1.580 μs, StdErr = 0.001 μs (0.07%), N = 15, StdDev = 0.004 μs
Min = 1.573 μs, Q1 = 1.577 μs, Median = 1.580 μs, Q3 = 1.582 μs, Max = 1.587 μs
IQR = 0.005 μs, LowerFence = 1.569 μs, UpperFence = 1.590 μs
ConfidenceInterval = [1.575 μs; 1.584 μs] (CI 99.9%), Margin = 0.004 μs (0.27% of Mean)
Skewness = 0.18, Kurtosis = 1.85, MValue = 2

// ** Remained 11 (73.3%) benchmark(s) to run. Estimated finish 2026-07-02 21:16 (0h 2m from now) **
// **************************
// Benchmark: ComplexValidationBenchmarks.FluentValidation_Valid: DefaultJob
// *** Execute ***
// Launch: 1 / 1
// Execute: dotnet Zeta.Benchmarks-ShortRun-1.dll --anonymousPipes 113 114 --benchmarkName Zeta.Benchmarks.ComplexValidationBenchmarks.FluentValidation_Valid --job Default --benchmarkId 4 in /Users/personberg/Code/zeta/benchmarks/Zeta.Benchmarks/bin/Release/net10.0/Zeta.Benchmarks-ShortRun-1/bin/Release/net10.0
// Failed to set up high priority (Permission denied). In order to run benchmarks with high priority, make sure you have the right permissions.
// BeforeAnythingElse

// Benchmark Process Environment Information:
// BenchmarkDotNet v0.15.8
// Runtime=.NET 10.0.8 (10.0.8, 10.0.826.23019), Arm64 RyuJIT armv8.0-a
// GC=Concurrent Workstation
// HardwareIntrinsics=ArmBase+AdvSimd,AES,CRC32,DP,RDM,SHA1,SHA256 VectorSize=128
// Job: DefaultJob

OverheadJitting  1: 1 op, 95250.00 ns, 95.2500 us/op
WorkloadJitting  1: 1 op, 6845708.00 ns, 6.8457 ms/op

OverheadJitting  2: 16 op, 304958.00 ns, 19.0599 us/op
WorkloadJitting  2: 16 op, 463250.00 ns, 28.9531 us/op

WorkloadPilot    1: 16 op, 143959.00 ns, 8.9974 us/op
WorkloadPilot    2: 32 op, 274667.00 ns, 8.5833 us/op
WorkloadPilot    3: 64 op, 563333.00 ns, 8.8021 us/op
WorkloadPilot    4: 128 op, 1036750.00 ns, 8.0996 us/op
WorkloadPilot    5: 256 op, 2152208.00 ns, 8.4071 us/op
WorkloadPilot    6: 512 op, 4841250.00 ns, 9.4556 us/op
WorkloadPilot    7: 1024 op, 8989708.00 ns, 8.7790 us/op
WorkloadPilot    8: 2048 op, 18211250.00 ns, 8.8922 us/op
WorkloadPilot    9: 4096 op, 36621459.00 ns, 8.9408 us/op
WorkloadPilot   10: 8192 op, 71052459.00 ns, 8.6734 us/op
WorkloadPilot   11: 16384 op, 145487208.00 ns, 8.8798 us/op
WorkloadPilot   12: 32768 op, 70887625.00 ns, 2.1633 us/op
WorkloadPilot   13: 65536 op, 118166250.00 ns, 1.8031 us/op
WorkloadPilot   14: 131072 op, 234144583.00 ns, 1.7864 us/op
WorkloadPilot   15: 262144 op, 471481375.00 ns, 1.7986 us/op
WorkloadPilot   16: 524288 op, 939181583.00 ns, 1.7913 us/op

OverheadWarmup   1: 524288 op, 1069667.00 ns, 2.0402 ns/op
OverheadWarmup   2: 524288 op, 1094833.00 ns, 2.0882 ns/op
OverheadWarmup   3: 524288 op, 1012542.00 ns, 1.9313 ns/op
OverheadWarmup   4: 524288 op, 1022208.00 ns, 1.9497 ns/op
OverheadWarmup   5: 524288 op, 1098375.00 ns, 2.0950 ns/op
OverheadWarmup   6: 524288 op, 1045041.00 ns, 1.9933 ns/op

OverheadActual   1: 524288 op, 1065541.00 ns, 2.0324 ns/op
OverheadActual   2: 524288 op, 1058666.00 ns, 2.0192 ns/op
OverheadActual   3: 524288 op, 1010000.00 ns, 1.9264 ns/op
OverheadActual   4: 524288 op, 1064375.00 ns, 2.0301 ns/op
OverheadActual   5: 524288 op, 1040625.00 ns, 1.9848 ns/op
OverheadActual   6: 524288 op, 1026791.00 ns, 1.9584 ns/op
OverheadActual   7: 524288 op, 1026166.00 ns, 1.9573 ns/op
OverheadActual   8: 524288 op, 1056334.00 ns, 2.0148 ns/op
OverheadActual   9: 524288 op, 1060459.00 ns, 2.0227 ns/op
OverheadActual  10: 524288 op, 1053875.00 ns, 2.0101 ns/op
OverheadActual  11: 524288 op, 1090709.00 ns, 2.0804 ns/op
OverheadActual  12: 524288 op, 1026792.00 ns, 1.9585 ns/op
OverheadActual  13: 524288 op, 1065791.00 ns, 2.0328 ns/op
OverheadActual  14: 524288 op, 1024208.00 ns, 1.9535 ns/op
OverheadActual  15: 524288 op, 1074500.00 ns, 2.0494 ns/op

WorkloadWarmup   1: 524288 op, 939820834.00 ns, 1.7926 us/op
WorkloadWarmup   2: 524288 op, 935720209.00 ns, 1.7847 us/op
WorkloadWarmup   3: 524288 op, 936697792.00 ns, 1.7866 us/op
WorkloadWarmup   4: 524288 op, 937541583.00 ns, 1.7882 us/op
WorkloadWarmup   5: 524288 op, 933141833.00 ns, 1.7798 us/op
WorkloadWarmup   6: 524288 op, 935022792.00 ns, 1.7834 us/op
WorkloadWarmup   7: 524288 op, 933399667.00 ns, 1.7803 us/op

// BeforeActualRun
WorkloadActual   1: 524288 op, 947135791.00 ns, 1.8065 us/op
WorkloadActual   2: 524288 op, 942817125.00 ns, 1.7983 us/op
WorkloadActual   3: 524288 op, 943223000.00 ns, 1.7991 us/op
WorkloadActual   4: 524288 op, 939150750.00 ns, 1.7913 us/op
WorkloadActual   5: 524288 op, 935074625.00 ns, 1.7835 us/op
WorkloadActual   6: 524288 op, 935749166.00 ns, 1.7848 us/op
WorkloadActual   7: 524288 op, 1032308750.00 ns, 1.9690 us/op
WorkloadActual   8: 524288 op, 934862416.00 ns, 1.7831 us/op
WorkloadActual   9: 524288 op, 939986958.00 ns, 1.7929 us/op
WorkloadActual  10: 524288 op, 936161292.00 ns, 1.7856 us/op
WorkloadActual  11: 524288 op, 932710583.00 ns, 1.7790 us/op
WorkloadActual  12: 524288 op, 937956000.00 ns, 1.7890 us/op
WorkloadActual  13: 524288 op, 933209709.00 ns, 1.7800 us/op
WorkloadActual  14: 524288 op, 934200625.00 ns, 1.7818 us/op
WorkloadActual  15: 524288 op, 935255000.00 ns, 1.7839 us/op

// AfterActualRun
WorkloadResult   1: 524288 op, 946079457.00 ns, 1.8045 us/op
WorkloadResult   2: 524288 op, 941760791.00 ns, 1.7963 us/op
WorkloadResult   3: 524288 op, 942166666.00 ns, 1.7970 us/op
WorkloadResult   4: 524288 op, 938094416.00 ns, 1.7893 us/op
WorkloadResult   5: 524288 op, 934018291.00 ns, 1.7815 us/op
WorkloadResult   6: 524288 op, 934692832.00 ns, 1.7828 us/op
WorkloadResult   7: 524288 op, 933806082.00 ns, 1.7811 us/op
WorkloadResult   8: 524288 op, 938930624.00 ns, 1.7909 us/op
WorkloadResult   9: 524288 op, 935104958.00 ns, 1.7836 us/op
WorkloadResult  10: 524288 op, 931654249.00 ns, 1.7770 us/op
WorkloadResult  11: 524288 op, 936899666.00 ns, 1.7870 us/op
WorkloadResult  12: 524288 op, 932153375.00 ns, 1.7779 us/op
WorkloadResult  13: 524288 op, 933144291.00 ns, 1.7798 us/op
WorkloadResult  14: 524288 op, 934198666.00 ns, 1.7818 us/op
// GC:  307 1 0 2571108352 524288
// Threading:  0 0 524288

// AfterAll
// Benchmark Process 76536 has exited with code 0.

Mean = 1.786 μs, StdErr = 0.002 μs (0.12%), N = 14, StdDev = 0.008 μs
Min = 1.777 μs, Q1 = 1.781 μs, Median = 1.783 μs, Q3 = 1.790 μs, Max = 1.805 μs
IQR = 0.009 μs, LowerFence = 1.767 μs, UpperFence = 1.804 μs
ConfidenceInterval = [1.777 μs; 1.796 μs] (CI 99.9%), Margin = 0.009 μs (0.51% of Mean)
Skewness = 0.78, Kurtosis = 2.35, MValue = 2

// ** Remained 10 (66.7%) benchmark(s) to run. Estimated finish 2026-07-02 21:17 (0h 2m from now) **
// **************************
// Benchmark: ComplexValidationBenchmarks.Zeta_Invalid: DefaultJob
// *** Execute ***
// Launch: 1 / 1
// Execute: dotnet Zeta.Benchmarks-ShortRun-1.dll --anonymousPipes 113 114 --benchmarkName Zeta.Benchmarks.ComplexValidationBenchmarks.Zeta_Invalid --job Default --benchmarkId 5 in /Users/personberg/Code/zeta/benchmarks/Zeta.Benchmarks/bin/Release/net10.0/Zeta.Benchmarks-ShortRun-1/bin/Release/net10.0
// Failed to set up high priority (Permission denied). In order to run benchmarks with high priority, make sure you have the right permissions.
// BeforeAnythingElse

// Benchmark Process Environment Information:
// BenchmarkDotNet v0.15.8
// Runtime=.NET 10.0.8 (10.0.8, 10.0.826.23019), Arm64 RyuJIT armv8.0-a
// GC=Concurrent Workstation
// HardwareIntrinsics=ArmBase+AdvSimd,AES,CRC32,DP,RDM,SHA1,SHA256 VectorSize=128
// Job: DefaultJob

OverheadJitting  1: 1 op, 124834.00 ns, 124.8340 us/op
WorkloadJitting  1: 1 op, 12311750.00 ns, 12.3118 ms/op

OverheadJitting  2: 16 op, 244125.00 ns, 15.2578 us/op
WorkloadJitting  2: 16 op, 465709.00 ns, 29.1068 us/op

WorkloadPilot    1: 16 op, 166083.00 ns, 10.3802 us/op
WorkloadPilot    2: 32 op, 334208.00 ns, 10.4440 us/op
WorkloadPilot    3: 64 op, 604750.00 ns, 9.4492 us/op
WorkloadPilot    4: 128 op, 1215667.00 ns, 9.4974 us/op
WorkloadPilot    5: 256 op, 2446166.00 ns, 9.5553 us/op
WorkloadPilot    6: 512 op, 5249875.00 ns, 10.2537 us/op
WorkloadPilot    7: 1024 op, 10618834.00 ns, 10.3700 us/op
WorkloadPilot    8: 2048 op, 20368333.00 ns, 9.9455 us/op
WorkloadPilot    9: 4096 op, 39985042.00 ns, 9.7620 us/op
WorkloadPilot   10: 8192 op, 77887750.00 ns, 9.5078 us/op
WorkloadPilot   11: 16384 op, 166460291.00 ns, 10.1599 us/op
WorkloadPilot   12: 32768 op, 203716750.00 ns, 6.2169 us/op
WorkloadPilot   13: 65536 op, 149173125.00 ns, 2.2762 us/op
WorkloadPilot   14: 131072 op, 312879500.00 ns, 2.3871 us/op
WorkloadPilot   15: 262144 op, 597458375.00 ns, 2.2791 us/op

OverheadWarmup   1: 262144 op, 554750.00 ns, 2.1162 ns/op
OverheadWarmup   2: 262144 op, 511000.00 ns, 1.9493 ns/op
OverheadWarmup   3: 262144 op, 516708.00 ns, 1.9711 ns/op
OverheadWarmup   4: 262144 op, 550416.00 ns, 2.0997 ns/op
OverheadWarmup   5: 262144 op, 527166.00 ns, 2.0110 ns/op
OverheadWarmup   6: 262144 op, 529250.00 ns, 2.0189 ns/op
OverheadWarmup   7: 262144 op, 533958.00 ns, 2.0369 ns/op
OverheadWarmup   8: 262144 op, 535208.00 ns, 2.0417 ns/op
OverheadWarmup   9: 262144 op, 543459.00 ns, 2.0731 ns/op
OverheadWarmup  10: 262144 op, 531916.00 ns, 2.0291 ns/op

OverheadActual   1: 262144 op, 523667.00 ns, 1.9976 ns/op
OverheadActual   2: 262144 op, 562000.00 ns, 2.1439 ns/op
OverheadActual   3: 262144 op, 561334.00 ns, 2.1413 ns/op
OverheadActual   4: 262144 op, 512250.00 ns, 1.9541 ns/op
OverheadActual   5: 262144 op, 510375.00 ns, 1.9469 ns/op
OverheadActual   6: 262144 op, 510875.00 ns, 1.9488 ns/op
OverheadActual   7: 262144 op, 519875.00 ns, 1.9832 ns/op
OverheadActual   8: 262144 op, 542292.00 ns, 2.0687 ns/op
OverheadActual   9: 262144 op, 521584.00 ns, 1.9897 ns/op
OverheadActual  10: 262144 op, 569083.00 ns, 2.1709 ns/op
OverheadActual  11: 262144 op, 546458.00 ns, 2.0846 ns/op
OverheadActual  12: 262144 op, 525875.00 ns, 2.0061 ns/op
OverheadActual  13: 262144 op, 510500.00 ns, 1.9474 ns/op
OverheadActual  14: 262144 op, 507917.00 ns, 1.9375 ns/op
OverheadActual  15: 262144 op, 519542.00 ns, 1.9819 ns/op

WorkloadWarmup   1: 262144 op, 599630417.00 ns, 2.2874 us/op
WorkloadWarmup   2: 262144 op, 622826917.00 ns, 2.3759 us/op
WorkloadWarmup   3: 262144 op, 607395000.00 ns, 2.3170 us/op
WorkloadWarmup   4: 262144 op, 600467541.00 ns, 2.2906 us/op
WorkloadWarmup   5: 262144 op, 599429292.00 ns, 2.2866 us/op
WorkloadWarmup   6: 262144 op, 597082208.00 ns, 2.2777 us/op
WorkloadWarmup   7: 262144 op, 584915042.00 ns, 2.2313 us/op
WorkloadWarmup   8: 262144 op, 629671875.00 ns, 2.4020 us/op
WorkloadWarmup   9: 262144 op, 592267333.00 ns, 2.2593 us/op

// BeforeActualRun
WorkloadActual   1: 262144 op, 601458416.00 ns, 2.2944 us/op
WorkloadActual   2: 262144 op, 594809333.00 ns, 2.2690 us/op
WorkloadActual   3: 262144 op, 597778833.00 ns, 2.2803 us/op
WorkloadActual   4: 262144 op, 594454542.00 ns, 2.2677 us/op
WorkloadActual   5: 262144 op, 597207333.00 ns, 2.2782 us/op
WorkloadActual   6: 262144 op, 597624833.00 ns, 2.2798 us/op
WorkloadActual   7: 262144 op, 603070209.00 ns, 2.3005 us/op
WorkloadActual   8: 262144 op, 612730584.00 ns, 2.3374 us/op
WorkloadActual   9: 262144 op, 595577458.00 ns, 2.2719 us/op
WorkloadActual  10: 262144 op, 584323333.00 ns, 2.2290 us/op
WorkloadActual  11: 262144 op, 588418458.00 ns, 2.2446 us/op
WorkloadActual  12: 262144 op, 598268750.00 ns, 2.2822 us/op
WorkloadActual  13: 262144 op, 584305792.00 ns, 2.2289 us/op
WorkloadActual  14: 262144 op, 602619250.00 ns, 2.2988 us/op
WorkloadActual  15: 262144 op, 598270375.00 ns, 2.2822 us/op

// AfterActualRun
WorkloadResult   1: 262144 op, 600936832.00 ns, 2.2924 us/op
WorkloadResult   2: 262144 op, 594287749.00 ns, 2.2670 us/op
WorkloadResult   3: 262144 op, 597257249.00 ns, 2.2784 us/op
WorkloadResult   4: 262144 op, 593932958.00 ns, 2.2657 us/op
WorkloadResult   5: 262144 op, 596685749.00 ns, 2.2762 us/op
WorkloadResult   6: 262144 op, 597103249.00 ns, 2.2778 us/op
WorkloadResult   7: 262144 op, 602548625.00 ns, 2.2985 us/op
WorkloadResult   8: 262144 op, 595055874.00 ns, 2.2700 us/op
WorkloadResult   9: 262144 op, 583801749.00 ns, 2.2270 us/op
WorkloadResult  10: 262144 op, 587896874.00 ns, 2.2426 us/op
WorkloadResult  11: 262144 op, 597747166.00 ns, 2.2802 us/op
WorkloadResult  12: 262144 op, 583784208.00 ns, 2.2270 us/op
WorkloadResult  13: 262144 op, 602097666.00 ns, 2.2968 us/op
WorkloadResult  14: 262144 op, 597748791.00 ns, 2.2802 us/op
// GC:  214 1 0 1797259264 262144
// Threading:  0 0 262144

// AfterAll
// Benchmark Process 77006 has exited with code 0.

Mean = 2.270 μs, StdErr = 0.006 μs (0.27%), N = 14, StdDev = 0.023 μs
Min = 2.227 μs, Q1 = 2.266 μs, Median = 2.277 μs, Q3 = 2.280 μs, Max = 2.299 μs
IQR = 0.014 μs, LowerFence = 2.245 μs, UpperFence = 2.302 μs
ConfidenceInterval = [2.244 μs; 2.296 μs] (CI 99.9%), Margin = 0.026 μs (1.14% of Mean)
Skewness = -0.72, Kurtosis = 2.25, MValue = 2

// ** Remained 9 (60.0%) benchmark(s) to run. Estimated finish 2026-07-02 21:17 (0h 2m from now) **
// **************************
// Benchmark: ComplexValidationBenchmarks.FluentValidation_Invalid: DefaultJob
// *** Execute ***
// Launch: 1 / 1
// Execute: dotnet Zeta.Benchmarks-ShortRun-1.dll --anonymousPipes 113 114 --benchmarkName Zeta.Benchmarks.ComplexValidationBenchmarks.FluentValidation_Invalid --job Default --benchmarkId 6 in /Users/personberg/Code/zeta/benchmarks/Zeta.Benchmarks/bin/Release/net10.0/Zeta.Benchmarks-ShortRun-1/bin/Release/net10.0
// Failed to set up high priority (Permission denied). In order to run benchmarks with high priority, make sure you have the right permissions.
// BeforeAnythingElse

// Benchmark Process Environment Information:
// BenchmarkDotNet v0.15.8
// Runtime=.NET 10.0.8 (10.0.8, 10.0.826.23019), Arm64 RyuJIT armv8.0-a
// GC=Concurrent Workstation
// HardwareIntrinsics=ArmBase+AdvSimd,AES,CRC32,DP,RDM,SHA1,SHA256 VectorSize=128
// Job: DefaultJob

OverheadJitting  1: 1 op, 99833.00 ns, 99.8330 us/op
WorkloadJitting  1: 1 op, 12076250.00 ns, 12.0763 ms/op

OverheadJitting  2: 16 op, 278208.00 ns, 17.3880 us/op
WorkloadJitting  2: 16 op, 829917.00 ns, 51.8698 us/op

WorkloadPilot    1: 16 op, 347708.00 ns, 21.7318 us/op
WorkloadPilot    2: 32 op, 631833.00 ns, 19.7448 us/op
WorkloadPilot    3: 64 op, 1235292.00 ns, 19.3014 us/op
WorkloadPilot    4: 128 op, 2457917.00 ns, 19.2025 us/op
WorkloadPilot    5: 256 op, 4854334.00 ns, 18.9622 us/op
WorkloadPilot    6: 512 op, 10016708.00 ns, 19.5639 us/op
WorkloadPilot    7: 1024 op, 20666959.00 ns, 20.1826 us/op
WorkloadPilot    8: 2048 op, 40024583.00 ns, 19.5433 us/op
WorkloadPilot    9: 4096 op, 97635292.00 ns, 23.8367 us/op
WorkloadPilot   10: 8192 op, 80745541.00 ns, 9.8566 us/op
WorkloadPilot   11: 16384 op, 101691500.00 ns, 6.2068 us/op
WorkloadPilot   12: 32768 op, 190717792.00 ns, 5.8202 us/op
WorkloadPilot   13: 65536 op, 380989667.00 ns, 5.8134 us/op
WorkloadPilot   14: 131072 op, 765281041.00 ns, 5.8386 us/op

OverheadWarmup   1: 131072 op, 268708.00 ns, 2.0501 ns/op
OverheadWarmup   2: 131072 op, 259000.00 ns, 1.9760 ns/op
OverheadWarmup   3: 131072 op, 257750.00 ns, 1.9665 ns/op
OverheadWarmup   4: 131072 op, 261292.00 ns, 1.9935 ns/op
OverheadWarmup   5: 131072 op, 267292.00 ns, 2.0393 ns/op
OverheadWarmup   6: 131072 op, 260708.00 ns, 1.9890 ns/op
OverheadWarmup   7: 131072 op, 256834.00 ns, 1.9595 ns/op
OverheadWarmup   8: 131072 op, 269791.00 ns, 2.0583 ns/op
OverheadWarmup   9: 131072 op, 261167.00 ns, 1.9925 ns/op

OverheadActual   1: 131072 op, 257000.00 ns, 1.9608 ns/op
OverheadActual   2: 131072 op, 273042.00 ns, 2.0831 ns/op
OverheadActual   3: 131072 op, 256625.00 ns, 1.9579 ns/op
OverheadActual   4: 131072 op, 258750.00 ns, 1.9741 ns/op
OverheadActual   5: 131072 op, 256625.00 ns, 1.9579 ns/op
OverheadActual   6: 131072 op, 286959.00 ns, 2.1893 ns/op
OverheadActual   7: 131072 op, 274458.00 ns, 2.0939 ns/op
OverheadActual   8: 131072 op, 252625.00 ns, 1.9274 ns/op
OverheadActual   9: 131072 op, 267000.00 ns, 2.0370 ns/op
OverheadActual  10: 131072 op, 259583.00 ns, 1.9805 ns/op
OverheadActual  11: 131072 op, 256959.00 ns, 1.9604 ns/op
OverheadActual  12: 131072 op, 284417.00 ns, 2.1699 ns/op
OverheadActual  13: 131072 op, 274625.00 ns, 2.0952 ns/op
OverheadActual  14: 131072 op, 256833.00 ns, 1.9595 ns/op
OverheadActual  15: 131072 op, 257750.00 ns, 1.9665 ns/op

WorkloadWarmup   1: 131072 op, 756272000.00 ns, 5.7699 us/op
WorkloadWarmup   2: 131072 op, 764633292.00 ns, 5.8337 us/op
WorkloadWarmup   3: 131072 op, 759284125.00 ns, 5.7929 us/op
WorkloadWarmup   4: 131072 op, 767476500.00 ns, 5.8554 us/op
WorkloadWarmup   5: 131072 op, 765719083.00 ns, 5.8420 us/op
WorkloadWarmup   6: 131072 op, 756422917.00 ns, 5.7710 us/op

// BeforeActualRun
WorkloadActual   1: 131072 op, 767198291.00 ns, 5.8533 us/op
WorkloadActual   2: 131072 op, 759598083.00 ns, 5.7953 us/op
WorkloadActual   3: 131072 op, 760558291.00 ns, 5.8026 us/op
WorkloadActual   4: 131072 op, 763735375.00 ns, 5.8268 us/op
WorkloadActual   5: 131072 op, 762395416.00 ns, 5.8166 us/op
WorkloadActual   6: 131072 op, 755431042.00 ns, 5.7635 us/op
WorkloadActual   7: 131072 op, 762162166.00 ns, 5.8148 us/op
WorkloadActual   8: 131072 op, 762775750.00 ns, 5.8195 us/op
WorkloadActual   9: 131072 op, 755366458.00 ns, 5.7630 us/op
WorkloadActual  10: 131072 op, 759538584.00 ns, 5.7948 us/op
WorkloadActual  11: 131072 op, 767867542.00 ns, 5.8584 us/op
WorkloadActual  12: 131072 op, 763787625.00 ns, 5.8272 us/op
WorkloadActual  13: 131072 op, 761886125.00 ns, 5.8127 us/op
WorkloadActual  14: 131072 op, 757798916.00 ns, 5.7815 us/op
WorkloadActual  15: 131072 op, 761023125.00 ns, 5.8061 us/op

// AfterActualRun
WorkloadResult   1: 131072 op, 766939541.00 ns, 5.8513 us/op
WorkloadResult   2: 131072 op, 759339333.00 ns, 5.7933 us/op
WorkloadResult   3: 131072 op, 760299541.00 ns, 5.8006 us/op
WorkloadResult   4: 131072 op, 763476625.00 ns, 5.8249 us/op
WorkloadResult   5: 131072 op, 762136666.00 ns, 5.8146 us/op
WorkloadResult   6: 131072 op, 755172292.00 ns, 5.7615 us/op
WorkloadResult   7: 131072 op, 761903416.00 ns, 5.8129 us/op
WorkloadResult   8: 131072 op, 762517000.00 ns, 5.8175 us/op
WorkloadResult   9: 131072 op, 755107708.00 ns, 5.7610 us/op
WorkloadResult  10: 131072 op, 759279834.00 ns, 5.7928 us/op
WorkloadResult  11: 131072 op, 767608792.00 ns, 5.8564 us/op
WorkloadResult  12: 131072 op, 763528875.00 ns, 5.8253 us/op
WorkloadResult  13: 131072 op, 761627375.00 ns, 5.8108 us/op
WorkloadResult  14: 131072 op, 757540166.00 ns, 5.7796 us/op
WorkloadResult  15: 131072 op, 760764375.00 ns, 5.8042 us/op
// GC:  284 7 0 2377121792 131072
// Threading:  0 0 131072

// AfterAll
// Benchmark Process 77325 has exited with code 0.

Mean = 5.807 μs, StdErr = 0.007 μs (0.12%), N = 15, StdDev = 0.028 μs
Min = 5.761 μs, Q1 = 5.793 μs, Median = 5.811 μs, Q3 = 5.821 μs, Max = 5.856 μs
IQR = 0.028 μs, LowerFence = 5.751 μs, UpperFence = 5.863 μs
ConfidenceInterval = [5.778 μs; 5.837 μs] (CI 99.9%), Margin = 0.029 μs (0.51% of Mean)
Skewness = -0, Kurtosis = 2.24, MValue = 2

// ** Remained 8 (53.3%) benchmark(s) to run. Estimated finish 2026-07-02 21:17 (0h 1m from now) **
// ***** BenchmarkRunner: Finish  *****

// * Export *
  BenchmarkDotNet.Artifacts/results/Zeta.Benchmarks.ComplexValidationBenchmarks-report.csv
  BenchmarkDotNet.Artifacts/results/Zeta.Benchmarks.ComplexValidationBenchmarks-report-github.md
  BenchmarkDotNet.Artifacts/results/Zeta.Benchmarks.ComplexValidationBenchmarks-report.html

// * Detailed results *
ComplexValidationBenchmarks.Zeta_Valid: DefaultJob
Runtime = .NET 10.0.8 (10.0.8, 10.0.826.23019), Arm64 RyuJIT armv8.0-a; GC = Concurrent Workstation
Mean = 1.580 μs, StdErr = 0.001 μs (0.07%), N = 15, StdDev = 0.004 μs
Min = 1.573 μs, Q1 = 1.577 μs, Median = 1.580 μs, Q3 = 1.582 μs, Max = 1.587 μs
IQR = 0.005 μs, LowerFence = 1.569 μs, UpperFence = 1.590 μs
ConfidenceInterval = [1.575 μs; 1.584 μs] (CI 99.9%), Margin = 0.004 μs (0.27% of Mean)
Skewness = 0.18, Kurtosis = 1.85, MValue = 2
-------------------- Histogram --------------------
[1.571 μs ; 1.589 μs) | @@@@@@@@@@@@@@@
---------------------------------------------------

ComplexValidationBenchmarks.FluentValidation_Valid: DefaultJob
Runtime = .NET 10.0.8 (10.0.8, 10.0.826.23019), Arm64 RyuJIT armv8.0-a; GC = Concurrent Workstation
Mean = 1.786 μs, StdErr = 0.002 μs (0.12%), N = 14, StdDev = 0.008 μs
Min = 1.777 μs, Q1 = 1.781 μs, Median = 1.783 μs, Q3 = 1.790 μs, Max = 1.805 μs
IQR = 0.009 μs, LowerFence = 1.767 μs, UpperFence = 1.804 μs
ConfidenceInterval = [1.777 μs; 1.796 μs] (CI 99.9%), Margin = 0.009 μs (0.51% of Mean)
Skewness = 0.78, Kurtosis = 2.35, MValue = 2
-------------------- Histogram --------------------
[1.773 μs ; 1.809 μs) | @@@@@@@@@@@@@@
---------------------------------------------------

ComplexValidationBenchmarks.Zeta_Invalid: DefaultJob
Runtime = .NET 10.0.8 (10.0.8, 10.0.826.23019), Arm64 RyuJIT armv8.0-a; GC = Concurrent Workstation
Mean = 2.270 μs, StdErr = 0.006 μs (0.27%), N = 14, StdDev = 0.023 μs
Min = 2.227 μs, Q1 = 2.266 μs, Median = 2.277 μs, Q3 = 2.280 μs, Max = 2.299 μs
IQR = 0.014 μs, LowerFence = 2.245 μs, UpperFence = 2.302 μs
ConfidenceInterval = [2.244 μs; 2.296 μs] (CI 99.9%), Margin = 0.026 μs (1.14% of Mean)
Skewness = -0.72, Kurtosis = 2.25, MValue = 2
-------------------- Histogram --------------------
[2.214 μs ; 2.311 μs) | @@@@@@@@@@@@@@
---------------------------------------------------

ComplexValidationBenchmarks.FluentValidation_Invalid: DefaultJob
Runtime = .NET 10.0.8 (10.0.8, 10.0.826.23019), Arm64 RyuJIT armv8.0-a; GC = Concurrent Workstation
Mean = 5.807 μs, StdErr = 0.007 μs (0.12%), N = 15, StdDev = 0.028 μs
Min = 5.761 μs, Q1 = 5.793 μs, Median = 5.811 μs, Q3 = 5.821 μs, Max = 5.856 μs
IQR = 0.028 μs, LowerFence = 5.751 μs, UpperFence = 5.863 μs
ConfidenceInterval = [5.778 μs; 5.837 μs] (CI 99.9%), Margin = 0.029 μs (0.51% of Mean)
Skewness = -0, Kurtosis = 2.24, MValue = 2
-------------------- Histogram --------------------
[5.755 μs ; 5.871 μs) | @@@@@@@@@@@@@@@
---------------------------------------------------

// * Summary *

BenchmarkDotNet v0.15.8, macOS Tahoe 26.2 (25C56) [Darwin 25.2.0]
Apple M2 Pro, 1 CPU, 12 logical and 12 physical cores
.NET SDK 10.0.300
  [Host]     : .NET 10.0.8 (10.0.8, 10.0.826.23019), Arm64 RyuJIT armv8.0-a
  DefaultJob : .NET 10.0.8 (10.0.8, 10.0.826.23019), Arm64 RyuJIT armv8.0-a


| Method                   | Mean     | Error     | StdDev    | Ratio | RatioSD | Rank | Gen0   | Gen1   | Allocated | Alloc Ratio |
|------------------------- |---------:|----------:|----------:|------:|--------:|-----:|-------:|-------:|----------:|------------:|
| Zeta_Valid               | 1.580 μs | 0.0043 μs | 0.0040 μs |  1.00 |    0.00 |    1 | 0.1125 |      - |     952 B |        1.00 |
| FluentValidation_Valid   | 1.786 μs | 0.0092 μs | 0.0082 μs |  1.13 |    0.01 |    2 | 0.5856 | 0.0019 |    4904 B |        5.15 |
| Zeta_Invalid             | 2.270 μs | 0.0260 μs | 0.0230 μs |  1.44 |    0.01 |    3 | 0.8163 | 0.0038 |    6856 B |        7.20 |
| FluentValidation_Invalid | 5.807 μs | 0.0295 μs | 0.0276 μs |  3.68 |    0.02 |    4 | 2.1667 | 0.0534 |   18136 B |       19.05 |

// * Hints *
Outliers
  ComplexValidationBenchmarks.FluentValidation_Valid: Default -> 1 outlier  was  removed (1.97 μs)
  ComplexValidationBenchmarks.Zeta_Invalid: Default           -> 1 outlier  was  removed, 3 outliers were detected (2.23 μs, 2.23 μs, 2.34 μs)

// * Legends *
  Mean        : Arithmetic mean of all measurements
  Error       : Half of 99.9% confidence interval
  StdDev      : Standard deviation of all measurements
  Ratio       : Mean of the ratio distribution ([Current]/[Baseline])
  RatioSD     : Standard deviation of the ratio distribution ([Current]/[Baseline])
  Rank        : Relative position of current benchmark mean among all benchmarks (Arabic style)
  Gen0        : GC Generation 0 collects per 1000 operations
  Gen1        : GC Generation 1 collects per 1000 operations
  Allocated   : Allocated memory per single operation (managed only, inclusive, 1KB = 1024B)
  Alloc Ratio : Allocated memory ratio distribution ([Current]/[Baseline])
  1 μs        : 1 Microsecond (0.000001 sec)

// * Diagnostic Output - MemoryDiagnoser *


// ***** BenchmarkRunner: End *****
Run time: 00:01:23 (83.08 sec), executed benchmarks: 4

// Found 8 benchmarks:
//   ValidationBenchmarks.Zeta_Valid: DefaultJob
//   ValidationBenchmarks.FluentValidation_Valid: DefaultJob
//   ValidationBenchmarks.FluentValidation_Valid_Async: DefaultJob
//   ValidationBenchmarks.DataAnnotations_Valid: DefaultJob
//   ValidationBenchmarks.Zeta_Invalid: DefaultJob
//   ValidationBenchmarks.FluentValidation_Invalid: DefaultJob
//   ValidationBenchmarks.FluentValidation_Invalid_Async: DefaultJob
//   ValidationBenchmarks.DataAnnotations_Invalid: DefaultJob

// **************************
// Benchmark: ValidationBenchmarks.Zeta_Valid: DefaultJob
// *** Execute ***
// Launch: 1 / 1
// Execute: dotnet Zeta.Benchmarks-ShortRun-1.dll --anonymousPipes 113 114 --benchmarkName Zeta.Benchmarks.ValidationBenchmarks.Zeta_Valid --job Default --benchmarkId 7 in /Users/personberg/Code/zeta/benchmarks/Zeta.Benchmarks/bin/Release/net10.0/Zeta.Benchmarks-ShortRun-1/bin/Release/net10.0
// Failed to set up high priority (Permission denied). In order to run benchmarks with high priority, make sure you have the right permissions.
// BeforeAnythingElse

// Benchmark Process Environment Information:
// BenchmarkDotNet v0.15.8
// Runtime=.NET 10.0.8 (10.0.8, 10.0.826.23019), Arm64 RyuJIT armv8.0-a
// GC=Concurrent Workstation
// HardwareIntrinsics=ArmBase+AdvSimd,AES,CRC32,DP,RDM,SHA1,SHA256 VectorSize=128
// Job: DefaultJob

OverheadJitting  1: 1 op, 89166.00 ns, 89.1660 us/op
WorkloadJitting  1: 1 op, 9104209.00 ns, 9.1042 ms/op

OverheadJitting  2: 16 op, 221833.00 ns, 13.8646 us/op
WorkloadJitting  2: 16 op, 300459.00 ns, 18.7787 us/op

WorkloadPilot    1: 16 op, 36833.00 ns, 2.3021 us/op
WorkloadPilot    2: 32 op, 59500.00 ns, 1.8594 us/op
WorkloadPilot    3: 64 op, 98250.00 ns, 1.5352 us/op
WorkloadPilot    4: 128 op, 196500.00 ns, 1.5352 us/op
WorkloadPilot    5: 256 op, 390292.00 ns, 1.5246 us/op
WorkloadPilot    6: 512 op, 747083.00 ns, 1.4591 us/op
WorkloadPilot    7: 1024 op, 1524833.00 ns, 1.4891 us/op
WorkloadPilot    8: 2048 op, 3057708.00 ns, 1.4930 us/op
WorkloadPilot    9: 4096 op, 6137500.00 ns, 1.4984 us/op
WorkloadPilot   10: 8192 op, 12280125.00 ns, 1.4990 us/op
WorkloadPilot   11: 16384 op, 24211375.00 ns, 1.4777 us/op
WorkloadPilot   12: 32768 op, 47670834.00 ns, 1.4548 us/op
WorkloadPilot   13: 65536 op, 69546416.00 ns, 1.0612 us/op
WorkloadPilot   14: 131072 op, 38562000.00 ns, 294.2047 ns/op
WorkloadPilot   15: 262144 op, 76679208.00 ns, 292.5080 ns/op
WorkloadPilot   16: 524288 op, 151892000.00 ns, 289.7110 ns/op
WorkloadPilot   17: 1048576 op, 304151084.00 ns, 290.0611 ns/op
WorkloadPilot   18: 2097152 op, 608374459.00 ns, 290.0955 ns/op

OverheadWarmup   1: 2097152 op, 4127834.00 ns, 1.9683 ns/op
OverheadWarmup   2: 2097152 op, 4169417.00 ns, 1.9881 ns/op
OverheadWarmup   3: 2097152 op, 4127834.00 ns, 1.9683 ns/op
OverheadWarmup   4: 2097152 op, 4228875.00 ns, 2.0165 ns/op
OverheadWarmup   5: 2097152 op, 4248375.00 ns, 2.0258 ns/op
OverheadWarmup   6: 2097152 op, 4170417.00 ns, 1.9886 ns/op

OverheadActual   1: 2097152 op, 4155417.00 ns, 1.9815 ns/op
OverheadActual   2: 2097152 op, 4140292.00 ns, 1.9742 ns/op
OverheadActual   3: 2097152 op, 4089208.00 ns, 1.9499 ns/op
OverheadActual   4: 2097152 op, 4123834.00 ns, 1.9664 ns/op
OverheadActual   5: 2097152 op, 4194000.00 ns, 1.9999 ns/op
OverheadActual   6: 2097152 op, 4172750.00 ns, 1.9897 ns/op
OverheadActual   7: 2097152 op, 4093708.00 ns, 1.9520 ns/op
OverheadActual   8: 2097152 op, 4158125.00 ns, 1.9827 ns/op
OverheadActual   9: 2097152 op, 4086667.00 ns, 1.9487 ns/op
OverheadActual  10: 2097152 op, 4283292.00 ns, 2.0424 ns/op
OverheadActual  11: 2097152 op, 4115959.00 ns, 1.9626 ns/op
OverheadActual  12: 2097152 op, 4223125.00 ns, 2.0137 ns/op
OverheadActual  13: 2097152 op, 4164167.00 ns, 1.9856 ns/op
OverheadActual  14: 2097152 op, 4164500.00 ns, 1.9858 ns/op
OverheadActual  15: 2097152 op, 4126791.00 ns, 1.9678 ns/op

WorkloadWarmup   1: 2097152 op, 605563542.00 ns, 288.7552 ns/op
WorkloadWarmup   2: 2097152 op, 605910791.00 ns, 288.9208 ns/op
WorkloadWarmup   3: 2097152 op, 606160041.00 ns, 289.0396 ns/op
WorkloadWarmup   4: 2097152 op, 606505542.00 ns, 289.2044 ns/op
WorkloadWarmup   5: 2097152 op, 605413750.00 ns, 288.6838 ns/op
WorkloadWarmup   6: 2097152 op, 606393917.00 ns, 289.1512 ns/op
WorkloadWarmup   7: 2097152 op, 605837042.00 ns, 288.8856 ns/op

// BeforeActualRun
WorkloadActual   1: 2097152 op, 612211791.00 ns, 291.9253 ns/op
WorkloadActual   2: 2097152 op, 606840166.00 ns, 289.3639 ns/op
WorkloadActual   3: 2097152 op, 604134291.00 ns, 288.0737 ns/op
WorkloadActual   4: 2097152 op, 604546667.00 ns, 288.2703 ns/op
WorkloadActual   5: 2097152 op, 606355416.00 ns, 289.1328 ns/op
WorkloadActual   6: 2097152 op, 606939625.00 ns, 289.4114 ns/op
WorkloadActual   7: 2097152 op, 609716875.00 ns, 290.7357 ns/op
WorkloadActual   8: 2097152 op, 606228916.00 ns, 289.0725 ns/op
WorkloadActual   9: 2097152 op, 610904584.00 ns, 291.3020 ns/op
WorkloadActual  10: 2097152 op, 607618459.00 ns, 289.7351 ns/op
WorkloadActual  11: 2097152 op, 606816458.00 ns, 289.3526 ns/op
WorkloadActual  12: 2097152 op, 608712625.00 ns, 290.2568 ns/op
WorkloadActual  13: 2097152 op, 607377292.00 ns, 289.6201 ns/op
WorkloadActual  14: 2097152 op, 608120708.00 ns, 289.9746 ns/op
WorkloadActual  15: 2097152 op, 608786375.00 ns, 290.2920 ns/op

// AfterActualRun
WorkloadResult   1: 2097152 op, 602684749.00 ns, 287.3825 ns/op
WorkloadResult   2: 2097152 op, 599978874.00 ns, 286.0922 ns/op
WorkloadResult   3: 2097152 op, 600391250.00 ns, 286.2889 ns/op
WorkloadResult   4: 2097152 op, 602199999.00 ns, 287.1513 ns/op
WorkloadResult   5: 2097152 op, 602784208.00 ns, 287.4299 ns/op
WorkloadResult   6: 2097152 op, 605561458.00 ns, 288.7542 ns/op
WorkloadResult   7: 2097152 op, 602073499.00 ns, 287.0910 ns/op
WorkloadResult   8: 2097152 op, 606749167.00 ns, 289.3205 ns/op
WorkloadResult   9: 2097152 op, 603463042.00 ns, 287.7536 ns/op
WorkloadResult  10: 2097152 op, 602661041.00 ns, 287.3712 ns/op
WorkloadResult  11: 2097152 op, 604557208.00 ns, 288.2753 ns/op
WorkloadResult  12: 2097152 op, 603221875.00 ns, 287.6386 ns/op
WorkloadResult  13: 2097152 op, 603965291.00 ns, 287.9931 ns/op
WorkloadResult  14: 2097152 op, 604630958.00 ns, 288.3105 ns/op
// GC:  18 0 0 150994944 2097152
// Threading:  0 0 2097152

// AfterAll
// Benchmark Process 77681 has exited with code 0.

Mean = 287.632 ns, StdErr = 0.234 ns (0.08%), N = 14, StdDev = 0.877 ns
Min = 286.092 ns, Q1 = 287.206 ns, Median = 287.534 ns, Q3 = 288.205 ns, Max = 289.321 ns
IQR = 0.998 ns, LowerFence = 285.709 ns, UpperFence = 289.703 ns
ConfidenceInterval = [286.643 ns; 288.622 ns] (CI 99.9%), Margin = 0.989 ns (0.34% of Mean)
Skewness = 0.05, Kurtosis = 2.31, MValue = 2

// ** Remained 7 (46.7%) benchmark(s) to run. Estimated finish 2026-07-02 21:17 (0h 1m from now) **
// **************************
// Benchmark: ValidationBenchmarks.FluentValidation_Valid: DefaultJob
// *** Execute ***
// Launch: 1 / 1
// Execute: dotnet Zeta.Benchmarks-ShortRun-1.dll --anonymousPipes 113 114 --benchmarkName Zeta.Benchmarks.ValidationBenchmarks.FluentValidation_Valid --job Default --benchmarkId 8 in /Users/personberg/Code/zeta/benchmarks/Zeta.Benchmarks/bin/Release/net10.0/Zeta.Benchmarks-ShortRun-1/bin/Release/net10.0
// Failed to set up high priority (Permission denied). In order to run benchmarks with high priority, make sure you have the right permissions.
// BeforeAnythingElse

// Benchmark Process Environment Information:
// BenchmarkDotNet v0.15.8
// Runtime=.NET 10.0.8 (10.0.8, 10.0.826.23019), Arm64 RyuJIT armv8.0-a
// GC=Concurrent Workstation
// HardwareIntrinsics=ArmBase+AdvSimd,AES,CRC32,DP,RDM,SHA1,SHA256 VectorSize=128
// Job: DefaultJob

OverheadJitting  1: 1 op, 85291.00 ns, 85.2910 us/op
WorkloadJitting  1: 1 op, 2422875.00 ns, 2.4229 ms/op

OverheadJitting  2: 16 op, 308125.00 ns, 19.2578 us/op
WorkloadJitting  2: 16 op, 284334.00 ns, 17.7709 us/op

WorkloadPilot    1: 16 op, 24417.00 ns, 1.5261 us/op
WorkloadPilot    2: 32 op, 31083.00 ns, 971.3438 ns/op
WorkloadPilot    3: 64 op, 54042.00 ns, 844.4063 ns/op
WorkloadPilot    4: 128 op, 115542.00 ns, 902.6719 ns/op
WorkloadPilot    5: 256 op, 198625.00 ns, 775.8789 ns/op
WorkloadPilot    6: 512 op, 385292.00 ns, 752.5234 ns/op
WorkloadPilot    7: 1024 op, 820875.00 ns, 801.6357 ns/op
WorkloadPilot    8: 2048 op, 1609334.00 ns, 785.8076 ns/op
WorkloadPilot    9: 4096 op, 3389834.00 ns, 827.5962 ns/op
WorkloadPilot   10: 8192 op, 6721833.00 ns, 820.5363 ns/op
WorkloadPilot   11: 16384 op, 12715500.00 ns, 776.0925 ns/op
WorkloadPilot   12: 32768 op, 24805041.00 ns, 756.9898 ns/op
WorkloadPilot   13: 65536 op, 48784125.00 ns, 744.3867 ns/op
WorkloadPilot   14: 131072 op, 61365917.00 ns, 468.1848 ns/op
WorkloadPilot   15: 262144 op, 36311041.00 ns, 138.5156 ns/op
WorkloadPilot   16: 524288 op, 71464625.00 ns, 136.3080 ns/op
WorkloadPilot   17: 1048576 op, 144080250.00 ns, 137.4056 ns/op
WorkloadPilot   18: 2097152 op, 290197125.00 ns, 138.3768 ns/op
WorkloadPilot   19: 4194304 op, 583373208.00 ns, 139.0870 ns/op

OverheadWarmup   1: 4194304 op, 8248500.00 ns, 1.9666 ns/op
OverheadWarmup   2: 4194304 op, 8133042.00 ns, 1.9391 ns/op
OverheadWarmup   3: 4194304 op, 8467958.00 ns, 2.0189 ns/op
OverheadWarmup   4: 4194304 op, 8499959.00 ns, 2.0265 ns/op
OverheadWarmup   5: 4194304 op, 8467084.00 ns, 2.0187 ns/op
OverheadWarmup   6: 4194304 op, 8333000.00 ns, 1.9867 ns/op
OverheadWarmup   7: 4194304 op, 8512041.00 ns, 2.0294 ns/op
OverheadWarmup   8: 4194304 op, 8384709.00 ns, 1.9991 ns/op

OverheadActual   1: 4194304 op, 8317875.00 ns, 1.9831 ns/op
OverheadActual   2: 4194304 op, 8499209.00 ns, 2.0264 ns/op
OverheadActual   3: 4194304 op, 8160083.00 ns, 1.9455 ns/op
OverheadActual   4: 4194304 op, 8169125.00 ns, 1.9477 ns/op
OverheadActual   5: 4194304 op, 8074542.00 ns, 1.9251 ns/op
OverheadActual   6: 4194304 op, 8260583.00 ns, 1.9695 ns/op
OverheadActual   7: 4194304 op, 8253334.00 ns, 1.9677 ns/op
OverheadActual   8: 4194304 op, 8316541.00 ns, 1.9828 ns/op
OverheadActual   9: 4194304 op, 8156000.00 ns, 1.9445 ns/op
OverheadActual  10: 4194304 op, 8362916.00 ns, 1.9939 ns/op
OverheadActual  11: 4194304 op, 8261625.00 ns, 1.9697 ns/op
OverheadActual  12: 4194304 op, 8129334.00 ns, 1.9382 ns/op
OverheadActual  13: 4194304 op, 8242250.00 ns, 1.9651 ns/op
OverheadActual  14: 4194304 op, 8240875.00 ns, 1.9648 ns/op
OverheadActual  15: 4194304 op, 8164667.00 ns, 1.9466 ns/op

WorkloadWarmup   1: 4194304 op, 582149500.00 ns, 138.7953 ns/op
WorkloadWarmup   2: 4194304 op, 580979625.00 ns, 138.5163 ns/op
WorkloadWarmup   3: 4194304 op, 600992250.00 ns, 143.2877 ns/op
WorkloadWarmup   4: 4194304 op, 577380667.00 ns, 137.6583 ns/op
WorkloadWarmup   5: 4194304 op, 571999166.00 ns, 136.3752 ns/op
WorkloadWarmup   6: 4194304 op, 573074375.00 ns, 136.6316 ns/op
WorkloadWarmup   7: 4194304 op, 576178959.00 ns, 137.3718 ns/op
WorkloadWarmup   8: 4194304 op, 697769375.00 ns, 166.3612 ns/op
WorkloadWarmup   9: 4194304 op, 715799000.00 ns, 170.6598 ns/op
WorkloadWarmup  10: 4194304 op, 576718375.00 ns, 137.5004 ns/op

// BeforeActualRun
WorkloadActual   1: 4194304 op, 580691042.00 ns, 138.4475 ns/op
WorkloadActual   2: 4194304 op, 592443041.00 ns, 141.2494 ns/op
WorkloadActual   3: 4194304 op, 695418875.00 ns, 165.8008 ns/op
WorkloadActual   4: 4194304 op, 775931584.00 ns, 184.9965 ns/op
WorkloadActual   5: 4194304 op, 601232125.00 ns, 143.3449 ns/op
WorkloadActual   6: 4194304 op, 583865208.00 ns, 139.2043 ns/op
WorkloadActual   7: 4194304 op, 575947250.00 ns, 137.3165 ns/op
WorkloadActual   8: 4194304 op, 577345833.00 ns, 137.6500 ns/op
WorkloadActual   9: 4194304 op, 590384416.00 ns, 140.7586 ns/op
WorkloadActual  10: 4194304 op, 578098292.00 ns, 137.8294 ns/op
WorkloadActual  11: 4194304 op, 575798042.00 ns, 137.2810 ns/op
WorkloadActual  12: 4194304 op, 576421542.00 ns, 137.4296 ns/op
WorkloadActual  13: 4194304 op, 591643250.00 ns, 141.0587 ns/op
WorkloadActual  14: 4194304 op, 686053542.00 ns, 163.5679 ns/op
WorkloadActual  15: 4194304 op, 601191917.00 ns, 143.3353 ns/op
WorkloadActual  16: 4194304 op, 582457208.00 ns, 138.8686 ns/op

// AfterActualRun
WorkloadResult   1: 4194304 op, 572448792.00 ns, 136.4824 ns/op
WorkloadResult   2: 4194304 op, 584200791.00 ns, 139.2843 ns/op
WorkloadResult   3: 4194304 op, 592989875.00 ns, 141.3798 ns/op
WorkloadResult   4: 4194304 op, 575622958.00 ns, 137.2392 ns/op
WorkloadResult   5: 4194304 op, 567705000.00 ns, 135.3514 ns/op
WorkloadResult   6: 4194304 op, 569103583.00 ns, 135.6849 ns/op
WorkloadResult   7: 4194304 op, 582142166.00 ns, 138.7935 ns/op
WorkloadResult   8: 4194304 op, 569856042.00 ns, 135.8643 ns/op
WorkloadResult   9: 4194304 op, 567555792.00 ns, 135.3158 ns/op
WorkloadResult  10: 4194304 op, 568179292.00 ns, 135.4645 ns/op
WorkloadResult  11: 4194304 op, 583401000.00 ns, 139.0936 ns/op
WorkloadResult  12: 4194304 op, 592949667.00 ns, 141.3702 ns/op
WorkloadResult  13: 4194304 op, 574214958.00 ns, 136.9035 ns/op
// GC:  300 0 0 2516582432 4194304
// Threading:  0 0 4194304

// AfterAll
// Benchmark Process 78000 has exited with code 0.

Mean = 137.556 ns, StdErr = 0.612 ns (0.44%), N = 13, StdDev = 2.205 ns
Min = 135.316 ns, Q1 = 135.685 ns, Median = 136.904 ns, Q3 = 139.094 ns, Max = 141.380 ns
IQR = 3.409 ns, LowerFence = 130.572 ns, UpperFence = 144.207 ns
ConfidenceInterval = [134.915 ns; 140.197 ns] (CI 99.9%), Margin = 2.641 ns (1.92% of Mean)
Skewness = 0.56, Kurtosis = 1.73, MValue = 2

// ** Remained 6 (40.0%) benchmark(s) to run. Estimated finish 2026-07-02 21:17 (0h 1m from now) **
// **************************
// Benchmark: ValidationBenchmarks.FluentValidation_Valid_Async: DefaultJob
// *** Execute ***
// Launch: 1 / 1
// Execute: dotnet Zeta.Benchmarks-ShortRun-1.dll --anonymousPipes 113 114 --benchmarkName Zeta.Benchmarks.ValidationBenchmarks.FluentValidation_Valid_Async --job Default --benchmarkId 9 in /Users/personberg/Code/zeta/benchmarks/Zeta.Benchmarks/bin/Release/net10.0/Zeta.Benchmarks-ShortRun-1/bin/Release/net10.0
// Failed to set up high priority (Permission denied). In order to run benchmarks with high priority, make sure you have the right permissions.
// BeforeAnythingElse

// Benchmark Process Environment Information:
// BenchmarkDotNet v0.15.8
// Runtime=.NET 10.0.8 (10.0.8, 10.0.826.23019), Arm64 RyuJIT armv8.0-a
// GC=Concurrent Workstation
// HardwareIntrinsics=ArmBase+AdvSimd,AES,CRC32,DP,RDM,SHA1,SHA256 VectorSize=128
// Job: DefaultJob

OverheadJitting  1: 1 op, 87042.00 ns, 87.0420 us/op
WorkloadJitting  1: 1 op, 5714208.00 ns, 5.7142 ms/op

OverheadJitting  2: 16 op, 262250.00 ns, 16.3906 us/op
WorkloadJitting  2: 16 op, 249875.00 ns, 15.6172 us/op

WorkloadPilot    1: 16 op, 36792.00 ns, 2.2995 us/op
WorkloadPilot    2: 32 op, 61833.00 ns, 1.9323 us/op
WorkloadPilot    3: 64 op, 122750.00 ns, 1.9180 us/op
WorkloadPilot    4: 128 op, 194292.00 ns, 1.5179 us/op
WorkloadPilot    5: 256 op, 394541.00 ns, 1.5412 us/op
WorkloadPilot    6: 512 op, 807500.00 ns, 1.5771 us/op
WorkloadPilot    7: 1024 op, 1593292.00 ns, 1.5559 us/op
WorkloadPilot    8: 2048 op, 3402417.00 ns, 1.6613 us/op
WorkloadPilot    9: 4096 op, 7005333.00 ns, 1.7103 us/op
WorkloadPilot   10: 8192 op, 13686542.00 ns, 1.6707 us/op
WorkloadPilot   11: 16384 op, 25961542.00 ns, 1.5846 us/op
WorkloadPilot   12: 32768 op, 59211834.00 ns, 1.8070 us/op
WorkloadPilot   13: 65536 op, 51219375.00 ns, 781.5456 ns/op
WorkloadPilot   14: 131072 op, 31573750.00 ns, 240.8886 ns/op
WorkloadPilot   15: 262144 op, 61704334.00 ns, 235.3834 ns/op
WorkloadPilot   16: 524288 op, 125968083.00 ns, 240.2651 ns/op
WorkloadPilot   17: 1048576 op, 320084583.00 ns, 305.2564 ns/op
WorkloadPilot   18: 2097152 op, 517054750.00 ns, 246.5509 ns/op

OverheadWarmup   1: 2097152 op, 4191917.00 ns, 1.9989 ns/op
OverheadWarmup   2: 2097152 op, 4226417.00 ns, 2.0153 ns/op
OverheadWarmup   3: 2097152 op, 4061250.00 ns, 1.9366 ns/op
OverheadWarmup   4: 2097152 op, 4074708.00 ns, 1.9430 ns/op
OverheadWarmup   5: 2097152 op, 4059375.00 ns, 1.9357 ns/op

OverheadActual   1: 2097152 op, 4142875.00 ns, 1.9755 ns/op
OverheadActual   2: 2097152 op, 4091791.00 ns, 1.9511 ns/op
OverheadActual   3: 2097152 op, 4225709.00 ns, 2.0150 ns/op
OverheadActual   4: 2097152 op, 4345708.00 ns, 2.0722 ns/op
OverheadActual   5: 2097152 op, 4134125.00 ns, 1.9713 ns/op
OverheadActual   6: 2097152 op, 4124458.00 ns, 1.9667 ns/op
OverheadActual   7: 2097152 op, 4191917.00 ns, 1.9989 ns/op
OverheadActual   8: 2097152 op, 4084875.00 ns, 1.9478 ns/op
OverheadActual   9: 2097152 op, 4076667.00 ns, 1.9439 ns/op
OverheadActual  10: 2097152 op, 4064875.00 ns, 1.9383 ns/op
OverheadActual  11: 2097152 op, 4025000.00 ns, 1.9193 ns/op
OverheadActual  12: 2097152 op, 4060250.00 ns, 1.9361 ns/op
OverheadActual  13: 2097152 op, 4104334.00 ns, 1.9571 ns/op
OverheadActual  14: 2097152 op, 4065541.00 ns, 1.9386 ns/op
OverheadActual  15: 2097152 op, 4120291.00 ns, 1.9647 ns/op

WorkloadWarmup   1: 2097152 op, 509809000.00 ns, 243.0959 ns/op
WorkloadWarmup   2: 2097152 op, 509722708.00 ns, 243.0547 ns/op
WorkloadWarmup   3: 2097152 op, 495653792.00 ns, 236.3461 ns/op
WorkloadWarmup   4: 2097152 op, 518761625.00 ns, 247.3648 ns/op
WorkloadWarmup   5: 2097152 op, 508812084.00 ns, 242.6205 ns/op
WorkloadWarmup   6: 2097152 op, 515583875.00 ns, 245.8495 ns/op
WorkloadWarmup   7: 2097152 op, 515792375.00 ns, 245.9490 ns/op
WorkloadWarmup   8: 2097152 op, 497456750.00 ns, 237.2059 ns/op

// BeforeActualRun
WorkloadActual   1: 2097152 op, 511626917.00 ns, 243.9627 ns/op
WorkloadActual   2: 2097152 op, 497643000.00 ns, 237.2947 ns/op
WorkloadActual   3: 2097152 op, 499533917.00 ns, 238.1963 ns/op
WorkloadActual   4: 2097152 op, 508921500.00 ns, 242.6727 ns/op
WorkloadActual   5: 2097152 op, 505883000.00 ns, 241.2238 ns/op
WorkloadActual   6: 2097152 op, 490692958.00 ns, 233.9806 ns/op
WorkloadActual   7: 2097152 op, 493259708.00 ns, 235.2046 ns/op
WorkloadActual   8: 2097152 op, 494057375.00 ns, 235.5849 ns/op
WorkloadActual   9: 2097152 op, 492382709.00 ns, 234.7864 ns/op
WorkloadActual  10: 2097152 op, 500838000.00 ns, 238.8182 ns/op
WorkloadActual  11: 2097152 op, 494047625.00 ns, 235.5803 ns/op
WorkloadActual  12: 2097152 op, 493784333.00 ns, 235.4547 ns/op
WorkloadActual  13: 2097152 op, 517054667.00 ns, 246.5509 ns/op
WorkloadActual  14: 2097152 op, 494751042.00 ns, 235.9157 ns/op
WorkloadActual  15: 2097152 op, 501502042.00 ns, 239.1348 ns/op

// AfterActualRun
WorkloadResult   1: 2097152 op, 507522583.00 ns, 242.0056 ns/op
WorkloadResult   2: 2097152 op, 493538666.00 ns, 235.3376 ns/op
WorkloadResult   3: 2097152 op, 495429583.00 ns, 236.2392 ns/op
WorkloadResult   4: 2097152 op, 504817166.00 ns, 240.7156 ns/op
WorkloadResult   5: 2097152 op, 501778666.00 ns, 239.2667 ns/op
WorkloadResult   6: 2097152 op, 486588624.00 ns, 232.0235 ns/op
WorkloadResult   7: 2097152 op, 489155374.00 ns, 233.2475 ns/op
WorkloadResult   8: 2097152 op, 489953041.00 ns, 233.6278 ns/op
WorkloadResult   9: 2097152 op, 488278375.00 ns, 232.8293 ns/op
WorkloadResult  10: 2097152 op, 496733666.00 ns, 236.8611 ns/op
WorkloadResult  11: 2097152 op, 489943291.00 ns, 233.6232 ns/op
WorkloadResult  12: 2097152 op, 489679999.00 ns, 233.4976 ns/op
WorkloadResult  13: 2097152 op, 512950333.00 ns, 244.5938 ns/op
WorkloadResult  14: 2097152 op, 490646708.00 ns, 233.9586 ns/op
WorkloadResult  15: 2097152 op, 497397708.00 ns, 237.1777 ns/op
// GC:  168 0 0 1409286144 2097152
// Threading:  0 0 2097152

// AfterAll
// Benchmark Process 78380 has exited with code 0.

Mean = 236.334 ns, StdErr = 0.973 ns (0.41%), N = 15, StdDev = 3.770 ns
Min = 232.024 ns, Q1 = 233.560 ns, Median = 235.338 ns, Q3 = 238.222 ns, Max = 244.594 ns
IQR = 4.662 ns, LowerFence = 226.568 ns, UpperFence = 245.215 ns
ConfidenceInterval = [232.304 ns; 240.364 ns] (CI 99.9%), Margin = 4.030 ns (1.71% of Mean)
Skewness = 0.78, Kurtosis = 2.29, MValue = 2

// ** Remained 5 (33.3%) benchmark(s) to run. Estimated finish 2026-07-02 21:17 (0h 1m from now) **
// **************************
// Benchmark: ValidationBenchmarks.DataAnnotations_Valid: DefaultJob
// *** Execute ***
// Launch: 1 / 1
// Execute: dotnet Zeta.Benchmarks-ShortRun-1.dll --anonymousPipes 113 114 --benchmarkName Zeta.Benchmarks.ValidationBenchmarks.DataAnnotations_Valid --job Default --benchmarkId 10 in /Users/personberg/Code/zeta/benchmarks/Zeta.Benchmarks/bin/Release/net10.0/Zeta.Benchmarks-ShortRun-1/bin/Release/net10.0
// Failed to set up high priority (Permission denied). In order to run benchmarks with high priority, make sure you have the right permissions.
// BeforeAnythingElse

// Benchmark Process Environment Information:
// BenchmarkDotNet v0.15.8
// Runtime=.NET 10.0.8 (10.0.8, 10.0.826.23019), Arm64 RyuJIT armv8.0-a
// GC=Concurrent Workstation
// HardwareIntrinsics=ArmBase+AdvSimd,AES,CRC32,DP,RDM,SHA1,SHA256 VectorSize=128
// Job: DefaultJob

OverheadJitting  1: 1 op, 121541.00 ns, 121.5410 us/op
WorkloadJitting  1: 1 op, 4069458.00 ns, 4.0695 ms/op

OverheadJitting  2: 16 op, 236375.00 ns, 14.7734 us/op
WorkloadJitting  2: 16 op, 400833.00 ns, 25.0521 us/op

WorkloadPilot    1: 16 op, 53000.00 ns, 3.3125 us/op
WorkloadPilot    2: 32 op, 101000.00 ns, 3.1563 us/op
WorkloadPilot    3: 64 op, 169583.00 ns, 2.6497 us/op
WorkloadPilot    4: 128 op, 343875.00 ns, 2.6865 us/op
WorkloadPilot    5: 256 op, 661208.00 ns, 2.5828 us/op
WorkloadPilot    6: 512 op, 1326292.00 ns, 2.5904 us/op
WorkloadPilot    7: 1024 op, 2651833.00 ns, 2.5897 us/op
WorkloadPilot    8: 2048 op, 5315000.00 ns, 2.5952 us/op
WorkloadPilot    9: 4096 op, 10363584.00 ns, 2.5302 us/op
WorkloadPilot   10: 8192 op, 20153917.00 ns, 2.4602 us/op
WorkloadPilot   11: 16384 op, 45273542.00 ns, 2.7633 us/op
WorkloadPilot   12: 32768 op, 83964791.00 ns, 2.5624 us/op
WorkloadPilot   13: 65536 op, 58883625.00 ns, 898.4928 ns/op
WorkloadPilot   14: 131072 op, 103194458.00 ns, 787.3112 ns/op
WorkloadPilot   15: 262144 op, 159796958.00 ns, 609.5770 ns/op
WorkloadPilot   16: 524288 op, 318806833.00 ns, 608.0758 ns/op
WorkloadPilot   17: 1048576 op, 638527042.00 ns, 608.9468 ns/op

OverheadWarmup   1: 1048576 op, 2057208.00 ns, 1.9619 ns/op
OverheadWarmup   2: 1048576 op, 2030042.00 ns, 1.9360 ns/op
OverheadWarmup   3: 1048576 op, 2040125.00 ns, 1.9456 ns/op
OverheadWarmup   4: 1048576 op, 2076583.00 ns, 1.9804 ns/op
OverheadWarmup   5: 1048576 op, 2111125.00 ns, 2.0133 ns/op
OverheadWarmup   6: 1048576 op, 2151375.00 ns, 2.0517 ns/op
OverheadWarmup   7: 1048576 op, 2117834.00 ns, 2.0197 ns/op
OverheadWarmup   8: 1048576 op, 2057959.00 ns, 1.9626 ns/op
OverheadWarmup   9: 1048576 op, 2175291.00 ns, 2.0745 ns/op
OverheadWarmup  10: 1048576 op, 2143708.00 ns, 2.0444 ns/op

OverheadActual   1: 1048576 op, 2032041.00 ns, 1.9379 ns/op
OverheadActual   2: 1048576 op, 2013958.00 ns, 1.9207 ns/op
OverheadActual   3: 1048576 op, 2037875.00 ns, 1.9435 ns/op
OverheadActual   4: 1048576 op, 2021750.00 ns, 1.9281 ns/op
OverheadActual   5: 1048576 op, 2029875.00 ns, 1.9358 ns/op
OverheadActual   6: 1048576 op, 2105417.00 ns, 2.0079 ns/op
OverheadActual   7: 1048576 op, 2084375.00 ns, 1.9878 ns/op
OverheadActual   8: 1048576 op, 2131542.00 ns, 2.0328 ns/op
OverheadActual   9: 1048576 op, 2108792.00 ns, 2.0111 ns/op
OverheadActual  10: 1048576 op, 2295416.00 ns, 2.1891 ns/op
OverheadActual  11: 1048576 op, 2096250.00 ns, 1.9991 ns/op
OverheadActual  12: 1048576 op, 2085458.00 ns, 1.9888 ns/op
OverheadActual  13: 1048576 op, 2058000.00 ns, 1.9627 ns/op
OverheadActual  14: 1048576 op, 2061083.00 ns, 1.9656 ns/op
OverheadActual  15: 1048576 op, 2032167.00 ns, 1.9380 ns/op

WorkloadWarmup   1: 1048576 op, 636920708.00 ns, 607.4149 ns/op
WorkloadWarmup   2: 1048576 op, 638172459.00 ns, 608.6087 ns/op
WorkloadWarmup   3: 1048576 op, 636161000.00 ns, 606.6904 ns/op
WorkloadWarmup   4: 1048576 op, 639759583.00 ns, 610.1223 ns/op
WorkloadWarmup   5: 1048576 op, 653260875.00 ns, 622.9981 ns/op
WorkloadWarmup   6: 1048576 op, 634822792.00 ns, 605.4142 ns/op

// BeforeActualRun
WorkloadActual   1: 1048576 op, 637639500.00 ns, 608.1004 ns/op
WorkloadActual   2: 1048576 op, 638688250.00 ns, 609.1006 ns/op
WorkloadActual   3: 1048576 op, 636890792.00 ns, 607.3864 ns/op
WorkloadActual   4: 1048576 op, 640462375.00 ns, 610.7925 ns/op
WorkloadActual   5: 1048576 op, 640656125.00 ns, 610.9773 ns/op
WorkloadActual   6: 1048576 op, 638952792.00 ns, 609.3529 ns/op
WorkloadActual   7: 1048576 op, 634831167.00 ns, 605.4222 ns/op
WorkloadActual   8: 1048576 op, 635073667.00 ns, 605.6534 ns/op
WorkloadActual   9: 1048576 op, 635050625.00 ns, 605.6315 ns/op
WorkloadActual  10: 1048576 op, 637914083.00 ns, 608.3623 ns/op
WorkloadActual  11: 1048576 op, 636045042.00 ns, 606.5798 ns/op
WorkloadActual  12: 1048576 op, 630924458.00 ns, 601.6965 ns/op
WorkloadActual  13: 1048576 op, 649313542.00 ns, 619.2336 ns/op
WorkloadActual  14: 1048576 op, 638806417.00 ns, 609.2133 ns/op
WorkloadActual  15: 1048576 op, 633220625.00 ns, 603.8862 ns/op

// AfterActualRun
WorkloadResult   1: 1048576 op, 635578417.00 ns, 606.1348 ns/op
WorkloadResult   2: 1048576 op, 636627167.00 ns, 607.1350 ns/op
WorkloadResult   3: 1048576 op, 634829709.00 ns, 605.4208 ns/op
WorkloadResult   4: 1048576 op, 638401292.00 ns, 608.8269 ns/op
WorkloadResult   5: 1048576 op, 638595042.00 ns, 609.0117 ns/op
WorkloadResult   6: 1048576 op, 636891709.00 ns, 607.3873 ns/op
WorkloadResult   7: 1048576 op, 632770084.00 ns, 603.4566 ns/op
WorkloadResult   8: 1048576 op, 633012584.00 ns, 603.6878 ns/op
WorkloadResult   9: 1048576 op, 632989542.00 ns, 603.6659 ns/op
WorkloadResult  10: 1048576 op, 635853000.00 ns, 606.3967 ns/op
WorkloadResult  11: 1048576 op, 633983959.00 ns, 604.6142 ns/op
WorkloadResult  12: 1048576 op, 628863375.00 ns, 599.7308 ns/op
WorkloadResult  13: 1048576 op, 636745334.00 ns, 607.2477 ns/op
WorkloadResult  14: 1048576 op, 631159542.00 ns, 601.9206 ns/op
// GC:  231 0 0 1937768448 1048576
// Threading:  0 0 1048576

// AfterAll
// Benchmark Process 78630 has exited with code 0.

Mean = 605.331 ns, StdErr = 0.708 ns (0.12%), N = 14, StdDev = 2.649 ns
Min = 599.731 ns, Q1 = 603.671 ns, Median = 605.778 ns, Q3 = 607.219 ns, Max = 609.012 ns
IQR = 3.548 ns, LowerFence = 598.349 ns, UpperFence = 612.542 ns
ConfidenceInterval = [602.343 ns; 608.319 ns] (CI 99.9%), Margin = 2.988 ns (0.49% of Mean)
Skewness = -0.44, Kurtosis = 2.21, MValue = 2

// ** Remained 4 (26.7%) benchmark(s) to run. Estimated finish 2026-07-02 21:17 (0h 1m from now) **
// **************************
// Benchmark: ValidationBenchmarks.Zeta_Invalid: DefaultJob
// *** Execute ***
// Launch: 1 / 1
// Execute: dotnet Zeta.Benchmarks-ShortRun-1.dll --anonymousPipes 113 114 --benchmarkName Zeta.Benchmarks.ValidationBenchmarks.Zeta_Invalid --job Default --benchmarkId 11 in /Users/personberg/Code/zeta/benchmarks/Zeta.Benchmarks/bin/Release/net10.0/Zeta.Benchmarks-ShortRun-1/bin/Release/net10.0
// Failed to set up high priority (Permission denied). In order to run benchmarks with high priority, make sure you have the right permissions.
// BeforeAnythingElse

// Benchmark Process Environment Information:
// BenchmarkDotNet v0.15.8
// Runtime=.NET 10.0.8 (10.0.8, 10.0.826.23019), Arm64 RyuJIT armv8.0-a
// GC=Concurrent Workstation
// HardwareIntrinsics=ArmBase+AdvSimd,AES,CRC32,DP,RDM,SHA1,SHA256 VectorSize=128
// Job: DefaultJob

OverheadJitting  1: 1 op, 82917.00 ns, 82.9170 us/op
WorkloadJitting  1: 1 op, 9359708.00 ns, 9.3597 ms/op

OverheadJitting  2: 16 op, 238333.00 ns, 14.8958 us/op
WorkloadJitting  2: 16 op, 311667.00 ns, 19.4792 us/op

WorkloadPilot    1: 16 op, 54083.00 ns, 3.3802 us/op
WorkloadPilot    2: 32 op, 83542.00 ns, 2.6107 us/op
WorkloadPilot    3: 64 op, 188625.00 ns, 2.9473 us/op
WorkloadPilot    4: 128 op, 328459.00 ns, 2.5661 us/op
WorkloadPilot    5: 256 op, 610875.00 ns, 2.3862 us/op
WorkloadPilot    6: 512 op, 1196709.00 ns, 2.3373 us/op
WorkloadPilot    7: 1024 op, 2464125.00 ns, 2.4064 us/op
WorkloadPilot    8: 2048 op, 5151208.00 ns, 2.5152 us/op
WorkloadPilot    9: 4096 op, 10157791.00 ns, 2.4799 us/op
WorkloadPilot   10: 8192 op, 20196083.00 ns, 2.4653 us/op
WorkloadPilot   11: 16384 op, 38845500.00 ns, 2.3709 us/op
WorkloadPilot   12: 32768 op, 81795333.00 ns, 2.4962 us/op
WorkloadPilot   13: 65536 op, 167159792.00 ns, 2.5507 us/op
WorkloadPilot   14: 131072 op, 179448791.00 ns, 1.3691 us/op
WorkloadPilot   15: 262144 op, 137572125.00 ns, 524.7960 ns/op
WorkloadPilot   16: 524288 op, 270289667.00 ns, 515.5366 ns/op
WorkloadPilot   17: 1048576 op, 541937291.00 ns, 516.8317 ns/op

OverheadWarmup   1: 1048576 op, 2060458.00 ns, 1.9650 ns/op
OverheadWarmup   2: 1048576 op, 2077584.00 ns, 1.9813 ns/op
OverheadWarmup   3: 1048576 op, 2088125.00 ns, 1.9914 ns/op
OverheadWarmup   4: 1048576 op, 2047417.00 ns, 1.9526 ns/op
OverheadWarmup   5: 1048576 op, 2085125.00 ns, 1.9885 ns/op
OverheadWarmup   6: 1048576 op, 2256750.00 ns, 2.1522 ns/op
OverheadWarmup   7: 1048576 op, 2255583.00 ns, 2.1511 ns/op

OverheadActual   1: 1048576 op, 2130000.00 ns, 2.0313 ns/op
OverheadActual   2: 1048576 op, 2123042.00 ns, 2.0247 ns/op
OverheadActual   3: 1048576 op, 2148333.00 ns, 2.0488 ns/op
OverheadActual   4: 1048576 op, 2131459.00 ns, 2.0327 ns/op
OverheadActual   5: 1048576 op, 2130750.00 ns, 2.0320 ns/op
OverheadActual   6: 1048576 op, 2124333.00 ns, 2.0259 ns/op
OverheadActual   7: 1048576 op, 2083042.00 ns, 1.9865 ns/op
OverheadActual   8: 1048576 op, 2140458.00 ns, 2.0413 ns/op
OverheadActual   9: 1048576 op, 2169959.00 ns, 2.0694 ns/op
OverheadActual  10: 1048576 op, 2147875.00 ns, 2.0484 ns/op
OverheadActual  11: 1048576 op, 2121334.00 ns, 2.0231 ns/op
OverheadActual  12: 1048576 op, 2059375.00 ns, 1.9640 ns/op
OverheadActual  13: 1048576 op, 2127500.00 ns, 2.0289 ns/op
OverheadActual  14: 1048576 op, 2093792.00 ns, 1.9968 ns/op
OverheadActual  15: 1048576 op, 2021500.00 ns, 1.9279 ns/op

WorkloadWarmup   1: 1048576 op, 542492792.00 ns, 517.3614 ns/op
WorkloadWarmup   2: 1048576 op, 543691208.00 ns, 518.5043 ns/op
WorkloadWarmup   3: 1048576 op, 542068875.00 ns, 516.9572 ns/op
WorkloadWarmup   4: 1048576 op, 544500958.00 ns, 519.2766 ns/op
WorkloadWarmup   5: 1048576 op, 541117750.00 ns, 516.0501 ns/op
WorkloadWarmup   6: 1048576 op, 544145125.00 ns, 518.9372 ns/op

// BeforeActualRun
WorkloadActual   1: 1048576 op, 541693208.00 ns, 516.5989 ns/op
WorkloadActual   2: 1048576 op, 541978833.00 ns, 516.8713 ns/op
WorkloadActual   3: 1048576 op, 541945125.00 ns, 516.8391 ns/op
WorkloadActual   4: 1048576 op, 541858917.00 ns, 516.7569 ns/op
WorkloadActual   5: 1048576 op, 540643666.00 ns, 515.5980 ns/op
WorkloadActual   6: 1048576 op, 542318291.00 ns, 517.1950 ns/op
WorkloadActual   7: 1048576 op, 545601166.00 ns, 520.3258 ns/op
WorkloadActual   8: 1048576 op, 544249167.00 ns, 519.0365 ns/op
WorkloadActual   9: 1048576 op, 542722417.00 ns, 517.5804 ns/op
WorkloadActual  10: 1048576 op, 542276583.00 ns, 517.1552 ns/op
WorkloadActual  11: 1048576 op, 544127500.00 ns, 518.9204 ns/op
WorkloadActual  12: 1048576 op, 544517875.00 ns, 519.2927 ns/op
WorkloadActual  13: 1048576 op, 543613916.00 ns, 518.4306 ns/op
WorkloadActual  14: 1048576 op, 545555875.00 ns, 520.2826 ns/op
WorkloadActual  15: 1048576 op, 566446584.00 ns, 540.2056 ns/op

// AfterActualRun
WorkloadResult   1: 1048576 op, 539565708.00 ns, 514.5700 ns/op
WorkloadResult   2: 1048576 op, 539851333.00 ns, 514.8424 ns/op
WorkloadResult   3: 1048576 op, 539817625.00 ns, 514.8102 ns/op
WorkloadResult   4: 1048576 op, 539731417.00 ns, 514.7280 ns/op
WorkloadResult   5: 1048576 op, 538516166.00 ns, 513.5690 ns/op
WorkloadResult   6: 1048576 op, 540190791.00 ns, 515.1661 ns/op
WorkloadResult   7: 1048576 op, 543473666.00 ns, 518.2969 ns/op
WorkloadResult   8: 1048576 op, 542121667.00 ns, 517.0075 ns/op
WorkloadResult   9: 1048576 op, 540594917.00 ns, 515.5515 ns/op
WorkloadResult  10: 1048576 op, 540149083.00 ns, 515.1263 ns/op
WorkloadResult  11: 1048576 op, 542000000.00 ns, 516.8915 ns/op
WorkloadResult  12: 1048576 op, 542390375.00 ns, 517.2638 ns/op
WorkloadResult  13: 1048576 op, 541486416.00 ns, 516.4017 ns/op
WorkloadResult  14: 1048576 op, 543428375.00 ns, 518.2537 ns/op
// GC:  178 0 0 1493172224 1048576
// Threading:  0 0 1048576

// AfterAll
// Benchmark Process 78951 has exited with code 0.

Mean = 515.891 ns, StdErr = 0.390 ns (0.08%), N = 14, StdDev = 1.461 ns
Min = 513.569 ns, Q1 = 514.818 ns, Median = 515.359 ns, Q3 = 516.979 ns, Max = 518.297 ns
IQR = 2.160 ns, LowerFence = 511.578 ns, UpperFence = 520.219 ns
ConfidenceInterval = [514.243 ns; 517.539 ns] (CI 99.9%), Margin = 1.648 ns (0.32% of Mean)
Skewness = 0.29, Kurtosis = 1.69, MValue = 2

// ** Remained 3 (20.0%) benchmark(s) to run. Estimated finish 2026-07-02 21:17 (0h 0m from now) **
// **************************
// Benchmark: ValidationBenchmarks.FluentValidation_Invalid: DefaultJob
// *** Execute ***
// Launch: 1 / 1
// Execute: dotnet Zeta.Benchmarks-ShortRun-1.dll --anonymousPipes 113 114 --benchmarkName Zeta.Benchmarks.ValidationBenchmarks.FluentValidation_Invalid --job Default --benchmarkId 12 in /Users/personberg/Code/zeta/benchmarks/Zeta.Benchmarks/bin/Release/net10.0/Zeta.Benchmarks-ShortRun-1/bin/Release/net10.0
// Failed to set up high priority (Permission denied). In order to run benchmarks with high priority, make sure you have the right permissions.
// BeforeAnythingElse

// Benchmark Process Environment Information:
// BenchmarkDotNet v0.15.8
// Runtime=.NET 10.0.8 (10.0.8, 10.0.826.23019), Arm64 RyuJIT armv8.0-a
// GC=Concurrent Workstation
// HardwareIntrinsics=ArmBase+AdvSimd,AES,CRC32,DP,RDM,SHA1,SHA256 VectorSize=128
// Job: DefaultJob

OverheadJitting  1: 1 op, 97917.00 ns, 97.9170 us/op
WorkloadJitting  1: 1 op, 6751666.00 ns, 6.7517 ms/op

OverheadJitting  2: 16 op, 235209.00 ns, 14.7006 us/op
WorkloadJitting  2: 16 op, 319791.00 ns, 19.9869 us/op

WorkloadPilot    1: 16 op, 121791.00 ns, 7.6119 us/op
WorkloadPilot    2: 32 op, 181333.00 ns, 5.6667 us/op
WorkloadPilot    3: 64 op, 379667.00 ns, 5.9323 us/op
WorkloadPilot    4: 128 op, 745500.00 ns, 5.8242 us/op
WorkloadPilot    5: 256 op, 1502708.00 ns, 5.8700 us/op
WorkloadPilot    6: 512 op, 3062166.00 ns, 5.9808 us/op
WorkloadPilot    7: 1024 op, 7105458.00 ns, 6.9389 us/op
WorkloadPilot    8: 2048 op, 12688333.00 ns, 6.1955 us/op
WorkloadPilot    9: 4096 op, 25112000.00 ns, 6.1309 us/op
WorkloadPilot   10: 8192 op, 49631416.00 ns, 6.0585 us/op
WorkloadPilot   11: 16384 op, 94810541.00 ns, 5.7868 us/op
WorkloadPilot   12: 32768 op, 88104709.00 ns, 2.6887 us/op
WorkloadPilot   13: 65536 op, 134092583.00 ns, 2.0461 us/op
WorkloadPilot   14: 131072 op, 249628000.00 ns, 1.9045 us/op
WorkloadPilot   15: 262144 op, 503507541.00 ns, 1.9207 us/op

OverheadWarmup   1: 262144 op, 541833.00 ns, 2.0669 ns/op
OverheadWarmup   2: 262144 op, 515958.00 ns, 1.9682 ns/op
OverheadWarmup   3: 262144 op, 535875.00 ns, 2.0442 ns/op
OverheadWarmup   4: 262144 op, 521334.00 ns, 1.9887 ns/op
OverheadWarmup   5: 262144 op, 536333.00 ns, 2.0459 ns/op
OverheadWarmup   6: 262144 op, 531125.00 ns, 2.0261 ns/op

OverheadActual   1: 262144 op, 522833.00 ns, 1.9944 ns/op
OverheadActual   2: 262144 op, 507458.00 ns, 1.9358 ns/op
OverheadActual   3: 262144 op, 505500.00 ns, 1.9283 ns/op
OverheadActual   4: 262144 op, 526334.00 ns, 2.0078 ns/op
OverheadActual   5: 262144 op, 566625.00 ns, 2.1615 ns/op
OverheadActual   6: 262144 op, 508958.00 ns, 1.9415 ns/op
OverheadActual   7: 262144 op, 540083.00 ns, 2.0603 ns/op
OverheadActual   8: 262144 op, 551959.00 ns, 2.1056 ns/op
OverheadActual   9: 262144 op, 529208.00 ns, 2.0188 ns/op
OverheadActual  10: 262144 op, 527333.00 ns, 2.0116 ns/op
OverheadActual  11: 262144 op, 588584.00 ns, 2.2453 ns/op
OverheadActual  12: 262144 op, 542916.00 ns, 2.0711 ns/op
OverheadActual  13: 262144 op, 536667.00 ns, 2.0472 ns/op
OverheadActual  14: 262144 op, 525750.00 ns, 2.0056 ns/op
OverheadActual  15: 262144 op, 512167.00 ns, 1.9538 ns/op

WorkloadWarmup   1: 262144 op, 504863417.00 ns, 1.9259 us/op
WorkloadWarmup   2: 262144 op, 499614000.00 ns, 1.9059 us/op
WorkloadWarmup   3: 262144 op, 501827750.00 ns, 1.9143 us/op
WorkloadWarmup   4: 262144 op, 501595708.00 ns, 1.9134 us/op
WorkloadWarmup   5: 262144 op, 500122542.00 ns, 1.9078 us/op
WorkloadWarmup   6: 262144 op, 500770250.00 ns, 1.9103 us/op
WorkloadWarmup   7: 262144 op, 502661583.00 ns, 1.9175 us/op
WorkloadWarmup   8: 262144 op, 505702708.00 ns, 1.9291 us/op
WorkloadWarmup   9: 262144 op, 497597584.00 ns, 1.8982 us/op

// BeforeActualRun
WorkloadActual   1: 262144 op, 502596500.00 ns, 1.9173 us/op
WorkloadActual   2: 262144 op, 500166416.00 ns, 1.9080 us/op
WorkloadActual   3: 262144 op, 501142542.00 ns, 1.9117 us/op
WorkloadActual   4: 262144 op, 502017958.00 ns, 1.9150 us/op
WorkloadActual   5: 262144 op, 501517500.00 ns, 1.9131 us/op
WorkloadActual   6: 262144 op, 503411667.00 ns, 1.9204 us/op
WorkloadActual   7: 262144 op, 505407250.00 ns, 1.9280 us/op
WorkloadActual   8: 262144 op, 501789584.00 ns, 1.9142 us/op
WorkloadActual   9: 262144 op, 504837166.00 ns, 1.9258 us/op
WorkloadActual  10: 262144 op, 498079291.00 ns, 1.9000 us/op
WorkloadActual  11: 262144 op, 503187209.00 ns, 1.9195 us/op
WorkloadActual  12: 262144 op, 502889125.00 ns, 1.9184 us/op
WorkloadActual  13: 262144 op, 506020500.00 ns, 1.9303 us/op
WorkloadActual  14: 262144 op, 498651250.00 ns, 1.9022 us/op
WorkloadActual  15: 262144 op, 500587959.00 ns, 1.9096 us/op

// AfterActualRun
WorkloadResult   1: 262144 op, 502069167.00 ns, 1.9152 us/op
WorkloadResult   2: 262144 op, 499639083.00 ns, 1.9060 us/op
WorkloadResult   3: 262144 op, 500615209.00 ns, 1.9097 us/op
WorkloadResult   4: 262144 op, 501490625.00 ns, 1.9130 us/op
WorkloadResult   5: 262144 op, 500990167.00 ns, 1.9111 us/op
WorkloadResult   6: 262144 op, 502884334.00 ns, 1.9184 us/op
WorkloadResult   7: 262144 op, 504879917.00 ns, 1.9260 us/op
WorkloadResult   8: 262144 op, 501262251.00 ns, 1.9122 us/op
WorkloadResult   9: 262144 op, 504309833.00 ns, 1.9238 us/op
WorkloadResult  10: 262144 op, 497551958.00 ns, 1.8980 us/op
WorkloadResult  11: 262144 op, 502659876.00 ns, 1.9175 us/op
WorkloadResult  12: 262144 op, 502361792.00 ns, 1.9164 us/op
WorkloadResult  13: 262144 op, 505493167.00 ns, 1.9283 us/op
WorkloadResult  14: 262144 op, 498123917.00 ns, 1.9002 us/op
WorkloadResult  15: 262144 op, 500060626.00 ns, 1.9076 us/op
// GC:  229 2 0 1916796928 262144
// Threading:  0 0 262144

// AfterAll
// Benchmark Process 79227 has exited with code 0.

Mean = 1.914 μs, StdErr = 0.002 μs (0.12%), N = 15, StdDev = 0.009 μs
Min = 1.898 μs, Q1 = 1.909 μs, Median = 1.913 μs, Q3 = 1.918 μs, Max = 1.928 μs
IQR = 0.009 μs, LowerFence = 1.895 μs, UpperFence = 1.932 μs
ConfidenceInterval = [1.904 μs; 1.923 μs] (CI 99.9%), Margin = 0.009 μs (0.49% of Mean)
Skewness = -0.05, Kurtosis = 2.06, MValue = 2

// ** Remained 2 (13.3%) benchmark(s) to run. Estimated finish 2026-07-02 21:17 (0h 0m from now) **
// **************************
// Benchmark: ValidationBenchmarks.FluentValidation_Invalid_Async: DefaultJob
// *** Execute ***
// Launch: 1 / 1
// Execute: dotnet Zeta.Benchmarks-ShortRun-1.dll --anonymousPipes 113 114 --benchmarkName Zeta.Benchmarks.ValidationBenchmarks.FluentValidation_Invalid_Async --job Default --benchmarkId 13 in /Users/personberg/Code/zeta/benchmarks/Zeta.Benchmarks/bin/Release/net10.0/Zeta.Benchmarks-ShortRun-1/bin/Release/net10.0
// Failed to set up high priority (Permission denied). In order to run benchmarks with high priority, make sure you have the right permissions.
// BeforeAnythingElse

// Benchmark Process Environment Information:
// BenchmarkDotNet v0.15.8
// Runtime=.NET 10.0.8 (10.0.8, 10.0.826.23019), Arm64 RyuJIT armv8.0-a
// GC=Concurrent Workstation
// HardwareIntrinsics=ArmBase+AdvSimd,AES,CRC32,DP,RDM,SHA1,SHA256 VectorSize=128
// Job: DefaultJob

OverheadJitting  1: 1 op, 94416.00 ns, 94.4160 us/op
WorkloadJitting  1: 1 op, 9395625.00 ns, 9.3956 ms/op

OverheadJitting  2: 16 op, 240083.00 ns, 15.0052 us/op
WorkloadJitting  2: 16 op, 388000.00 ns, 24.2500 us/op

WorkloadPilot    1: 16 op, 139833.00 ns, 8.7396 us/op
WorkloadPilot    2: 32 op, 214042.00 ns, 6.6888 us/op
WorkloadPilot    3: 64 op, 487334.00 ns, 7.6146 us/op
WorkloadPilot    4: 128 op, 924791.00 ns, 7.2249 us/op
WorkloadPilot    5: 256 op, 1807417.00 ns, 7.0602 us/op
WorkloadPilot    6: 512 op, 3748250.00 ns, 7.3208 us/op
WorkloadPilot    7: 1024 op, 7609625.00 ns, 7.4313 us/op
WorkloadPilot    8: 2048 op, 14123709.00 ns, 6.8963 us/op
WorkloadPilot    9: 4096 op, 28068959.00 ns, 6.8528 us/op
WorkloadPilot   10: 8192 op, 74799334.00 ns, 9.1308 us/op
WorkloadPilot   11: 16384 op, 136703667.00 ns, 8.3437 us/op
WorkloadPilot   12: 32768 op, 100537084.00 ns, 3.0681 us/op
WorkloadPilot   13: 65536 op, 136686792.00 ns, 2.0857 us/op
WorkloadPilot   14: 131072 op, 273922208.00 ns, 2.0899 us/op
WorkloadPilot   15: 262144 op, 544107208.00 ns, 2.0756 us/op

OverheadWarmup   1: 262144 op, 528375.00 ns, 2.0156 ns/op
OverheadWarmup   2: 262144 op, 507875.00 ns, 1.9374 ns/op
OverheadWarmup   3: 262144 op, 535084.00 ns, 2.0412 ns/op
OverheadWarmup   4: 262144 op, 514542.00 ns, 1.9628 ns/op
OverheadWarmup   5: 262144 op, 549458.00 ns, 2.0960 ns/op
OverheadWarmup   6: 262144 op, 580750.00 ns, 2.2154 ns/op
OverheadWarmup   7: 262144 op, 516708.00 ns, 1.9711 ns/op

OverheadActual   1: 262144 op, 523042.00 ns, 1.9952 ns/op
OverheadActual   2: 262144 op, 544625.00 ns, 2.0776 ns/op
OverheadActual   3: 262144 op, 505583.00 ns, 1.9286 ns/op
OverheadActual   4: 262144 op, 506958.00 ns, 1.9339 ns/op
OverheadActual   5: 262144 op, 515334.00 ns, 1.9658 ns/op
OverheadActual   6: 262144 op, 537917.00 ns, 2.0520 ns/op
OverheadActual   7: 262144 op, 511458.00 ns, 1.9511 ns/op
OverheadActual   8: 262144 op, 514917.00 ns, 1.9643 ns/op
OverheadActual   9: 262144 op, 527791.00 ns, 2.0134 ns/op
OverheadActual  10: 262144 op, 527292.00 ns, 2.0115 ns/op
OverheadActual  11: 262144 op, 509333.00 ns, 1.9430 ns/op
OverheadActual  12: 262144 op, 523792.00 ns, 1.9981 ns/op
OverheadActual  13: 262144 op, 513292.00 ns, 1.9581 ns/op
OverheadActual  14: 262144 op, 507709.00 ns, 1.9368 ns/op
OverheadActual  15: 262144 op, 521416.00 ns, 1.9890 ns/op

WorkloadWarmup   1: 262144 op, 544008958.00 ns, 2.0752 us/op
WorkloadWarmup   2: 262144 op, 542715333.00 ns, 2.0703 us/op
WorkloadWarmup   3: 262144 op, 543732583.00 ns, 2.0742 us/op
WorkloadWarmup   4: 262144 op, 541845083.00 ns, 2.0670 us/op
WorkloadWarmup   5: 262144 op, 542890375.00 ns, 2.0710 us/op
WorkloadWarmup   6: 262144 op, 543049375.00 ns, 2.0716 us/op
WorkloadWarmup   7: 262144 op, 541326291.00 ns, 2.0650 us/op

// BeforeActualRun
WorkloadActual   1: 262144 op, 555864083.00 ns, 2.1205 us/op
WorkloadActual   2: 262144 op, 543075042.00 ns, 2.0717 us/op
WorkloadActual   3: 262144 op, 552346792.00 ns, 2.1070 us/op
WorkloadActual   4: 262144 op, 547342583.00 ns, 2.0879 us/op
WorkloadActual   5: 262144 op, 550563583.00 ns, 2.1002 us/op
WorkloadActual   6: 262144 op, 541089500.00 ns, 2.0641 us/op
WorkloadActual   7: 262144 op, 543719166.00 ns, 2.0741 us/op
WorkloadActual   8: 262144 op, 538964125.00 ns, 2.0560 us/op
WorkloadActual   9: 262144 op, 540089292.00 ns, 2.0603 us/op
WorkloadActual  10: 262144 op, 540164167.00 ns, 2.0606 us/op
WorkloadActual  11: 262144 op, 544762291.00 ns, 2.0781 us/op
WorkloadActual  12: 262144 op, 538071917.00 ns, 2.0526 us/op
WorkloadActual  13: 262144 op, 538903875.00 ns, 2.0558 us/op
WorkloadActual  14: 262144 op, 538634250.00 ns, 2.0547 us/op
WorkloadActual  15: 262144 op, 540568125.00 ns, 2.0621 us/op

// AfterActualRun
WorkloadResult   1: 262144 op, 542559708.00 ns, 2.0697 us/op
WorkloadResult   2: 262144 op, 551831458.00 ns, 2.1051 us/op
WorkloadResult   3: 262144 op, 546827249.00 ns, 2.0860 us/op
WorkloadResult   4: 262144 op, 550048249.00 ns, 2.0983 us/op
WorkloadResult   5: 262144 op, 540574166.00 ns, 2.0621 us/op
WorkloadResult   6: 262144 op, 543203832.00 ns, 2.0722 us/op
WorkloadResult   7: 262144 op, 538448791.00 ns, 2.0540 us/op
WorkloadResult   8: 262144 op, 539573958.00 ns, 2.0583 us/op
WorkloadResult   9: 262144 op, 539648833.00 ns, 2.0586 us/op
WorkloadResult  10: 262144 op, 544246957.00 ns, 2.0761 us/op
WorkloadResult  11: 262144 op, 537556583.00 ns, 2.0506 us/op
WorkloadResult  12: 262144 op, 538388541.00 ns, 2.0538 us/op
WorkloadResult  13: 262144 op, 538118916.00 ns, 2.0528 us/op
WorkloadResult  14: 262144 op, 540052791.00 ns, 2.0601 us/op
// GC:  231 2 0 1935671296 262144
// Threading:  0 0 262144

// AfterAll
// Benchmark Process 79503 has exited with code 0.

Mean = 2.068 μs, StdErr = 0.005 μs (0.22%), N = 14, StdDev = 0.017 μs
Min = 2.051 μs, Q1 = 2.055 μs, Median = 2.061 μs, Q3 = 2.075 μs, Max = 2.105 μs
IQR = 0.020 μs, LowerFence = 2.025 μs, UpperFence = 2.105 μs
ConfidenceInterval = [2.049 μs; 2.088 μs] (CI 99.9%), Margin = 0.020 μs (0.95% of Mean)
Skewness = 0.87, Kurtosis = 2.35, MValue = 2

// ** Remained 1 (6.7%) benchmark(s) to run. Estimated finish 2026-07-02 21:17 (0h 0m from now) **
// **************************
// Benchmark: ValidationBenchmarks.DataAnnotations_Invalid: DefaultJob
// *** Execute ***
// Launch: 1 / 1
// Execute: dotnet Zeta.Benchmarks-ShortRun-1.dll --anonymousPipes 113 114 --benchmarkName Zeta.Benchmarks.ValidationBenchmarks.DataAnnotations_Invalid --job Default --benchmarkId 14 in /Users/personberg/Code/zeta/benchmarks/Zeta.Benchmarks/bin/Release/net10.0/Zeta.Benchmarks-ShortRun-1/bin/Release/net10.0
// Failed to set up high priority (Permission denied). In order to run benchmarks with high priority, make sure you have the right permissions.
// BeforeAnythingElse

// Benchmark Process Environment Information:
// BenchmarkDotNet v0.15.8
// Runtime=.NET 10.0.8 (10.0.8, 10.0.826.23019), Arm64 RyuJIT armv8.0-a
// GC=Concurrent Workstation
// HardwareIntrinsics=ArmBase+AdvSimd,AES,CRC32,DP,RDM,SHA1,SHA256 VectorSize=128
// Job: DefaultJob

OverheadJitting  1: 1 op, 86834.00 ns, 86.8340 us/op
WorkloadJitting  1: 1 op, 4659125.00 ns, 4.6591 ms/op

OverheadJitting  2: 16 op, 253375.00 ns, 15.8359 us/op
WorkloadJitting  2: 16 op, 464250.00 ns, 29.0156 us/op

WorkloadPilot    1: 16 op, 68292.00 ns, 4.2683 us/op
WorkloadPilot    2: 32 op, 124667.00 ns, 3.8958 us/op
WorkloadPilot    3: 64 op, 226500.00 ns, 3.5391 us/op
WorkloadPilot    4: 128 op, 459417.00 ns, 3.5892 us/op
WorkloadPilot    5: 256 op, 841875.00 ns, 3.2886 us/op
WorkloadPilot    6: 512 op, 1710667.00 ns, 3.3411 us/op
WorkloadPilot    7: 1024 op, 3534333.00 ns, 3.4515 us/op
WorkloadPilot    8: 2048 op, 6875875.00 ns, 3.3574 us/op
WorkloadPilot    9: 4096 op, 13616250.00 ns, 3.3243 us/op
WorkloadPilot   10: 8192 op, 26542500.00 ns, 3.2401 us/op
WorkloadPilot   11: 16384 op, 52776792.00 ns, 3.2212 us/op
WorkloadPilot   12: 32768 op, 102647125.00 ns, 3.1325 us/op
WorkloadPilot   13: 65536 op, 127113541.00 ns, 1.9396 us/op
WorkloadPilot   14: 131072 op, 221532708.00 ns, 1.6902 us/op
WorkloadPilot   15: 262144 op, 312102125.00 ns, 1.1906 us/op
WorkloadPilot   16: 524288 op, 535411875.00 ns, 1.0212 us/op

OverheadWarmup   1: 524288 op, 1028834.00 ns, 1.9623 ns/op
OverheadWarmup   2: 524288 op, 1013958.00 ns, 1.9340 ns/op
OverheadWarmup   3: 524288 op, 1045541.00 ns, 1.9942 ns/op
OverheadWarmup   4: 524288 op, 1073000.00 ns, 2.0466 ns/op
OverheadWarmup   5: 524288 op, 1058417.00 ns, 2.0188 ns/op
OverheadWarmup   6: 524288 op, 1048834.00 ns, 2.0005 ns/op
OverheadWarmup   7: 524288 op, 1043542.00 ns, 1.9904 ns/op
OverheadWarmup   8: 524288 op, 1067542.00 ns, 2.0362 ns/op
OverheadWarmup   9: 524288 op, 1044333.00 ns, 1.9919 ns/op

OverheadActual   1: 524288 op, 1058333.00 ns, 2.0186 ns/op
OverheadActual   2: 524288 op, 1044041.00 ns, 1.9914 ns/op
OverheadActual   3: 524288 op, 1036209.00 ns, 1.9764 ns/op
OverheadActual   4: 524288 op, 1050916.00 ns, 2.0045 ns/op
OverheadActual   5: 524288 op, 1016875.00 ns, 1.9395 ns/op
OverheadActual   6: 524288 op, 1008042.00 ns, 1.9227 ns/op
OverheadActual   7: 524288 op, 1051375.00 ns, 2.0053 ns/op
OverheadActual   8: 524288 op, 1063083.00 ns, 2.0277 ns/op
OverheadActual   9: 524288 op, 1067625.00 ns, 2.0363 ns/op
OverheadActual  10: 524288 op, 1237542.00 ns, 2.3604 ns/op
OverheadActual  11: 524288 op, 1044333.00 ns, 1.9919 ns/op
OverheadActual  12: 524288 op, 1066750.00 ns, 2.0347 ns/op
OverheadActual  13: 524288 op, 1025958.00 ns, 1.9569 ns/op
OverheadActual  14: 524288 op, 1052333.00 ns, 2.0072 ns/op
OverheadActual  15: 524288 op, 1052375.00 ns, 2.0072 ns/op

WorkloadWarmup   1: 524288 op, 534036000.00 ns, 1.0186 us/op
WorkloadWarmup   2: 524288 op, 536935834.00 ns, 1.0241 us/op
WorkloadWarmup   3: 524288 op, 531156500.00 ns, 1.0131 us/op
WorkloadWarmup   4: 524288 op, 534724792.00 ns, 1.0199 us/op
WorkloadWarmup   5: 524288 op, 534647167.00 ns, 1.0198 us/op
WorkloadWarmup   6: 524288 op, 532073375.00 ns, 1.0148 us/op

// BeforeActualRun
WorkloadActual   1: 524288 op, 532909750.00 ns, 1.0164 us/op
WorkloadActual   2: 524288 op, 530367792.00 ns, 1.0116 us/op
WorkloadActual   3: 524288 op, 532973667.00 ns, 1.0166 us/op
WorkloadActual   4: 524288 op, 534808625.00 ns, 1.0201 us/op
WorkloadActual   5: 524288 op, 535887292.00 ns, 1.0221 us/op
WorkloadActual   6: 524288 op, 533444208.00 ns, 1.0175 us/op
WorkloadActual   7: 524288 op, 533994584.00 ns, 1.0185 us/op
WorkloadActual   8: 524288 op, 530716000.00 ns, 1.0123 us/op
WorkloadActual   9: 524288 op, 532666875.00 ns, 1.0160 us/op
WorkloadActual  10: 524288 op, 547696875.00 ns, 1.0446 us/op
WorkloadActual  11: 524288 op, 533586916.00 ns, 1.0177 us/op
WorkloadActual  12: 524288 op, 537642917.00 ns, 1.0255 us/op
WorkloadActual  13: 524288 op, 532319250.00 ns, 1.0153 us/op
WorkloadActual  14: 524288 op, 537005333.00 ns, 1.0243 us/op
WorkloadActual  15: 524288 op, 532980250.00 ns, 1.0166 us/op

// AfterActualRun
WorkloadResult   1: 524288 op, 531858375.00 ns, 1.0144 us/op
WorkloadResult   2: 524288 op, 529316417.00 ns, 1.0096 us/op
WorkloadResult   3: 524288 op, 531922292.00 ns, 1.0146 us/op
WorkloadResult   4: 524288 op, 533757250.00 ns, 1.0181 us/op
WorkloadResult   5: 524288 op, 534835917.00 ns, 1.0201 us/op
WorkloadResult   6: 524288 op, 532392833.00 ns, 1.0155 us/op
WorkloadResult   7: 524288 op, 532943209.00 ns, 1.0165 us/op
WorkloadResult   8: 524288 op, 529664625.00 ns, 1.0103 us/op
WorkloadResult   9: 524288 op, 531615500.00 ns, 1.0140 us/op
WorkloadResult  10: 524288 op, 532535541.00 ns, 1.0157 us/op
WorkloadResult  11: 524288 op, 536591542.00 ns, 1.0235 us/op
WorkloadResult  12: 524288 op, 531267875.00 ns, 1.0133 us/op
WorkloadResult  13: 524288 op, 535953958.00 ns, 1.0223 us/op
WorkloadResult  14: 524288 op, 531928875.00 ns, 1.0146 us/op
// GC:  167 1 0 1400897536 524288
// Threading:  0 0 524288

// AfterAll
// Benchmark Process 79779 has exited with code 0.

Mean = 1.016 μs, StdErr = 0.001 μs (0.11%), N = 14, StdDev = 0.004 μs
Min = 1.010 μs, Q1 = 1.014 μs, Median = 1.015 μs, Q3 = 1.018 μs, Max = 1.023 μs
IQR = 0.004 μs, LowerFence = 1.009 μs, UpperFence = 1.023 μs
ConfidenceInterval = [1.011 μs; 1.020 μs] (CI 99.9%), Margin = 0.005 μs (0.44% of Mean)
Skewness = 0.36, Kurtosis = 2.21, MValue = 2

// ** Remained 0 (0.0%) benchmark(s) to run. Estimated finish 2026-07-02 21:17 (0h 0m from now) **
// ***** BenchmarkRunner: Finish  *****

// * Export *
  BenchmarkDotNet.Artifacts/results/Zeta.Benchmarks.ValidationBenchmarks-report.csv
  BenchmarkDotNet.Artifacts/results/Zeta.Benchmarks.ValidationBenchmarks-report-github.md
  BenchmarkDotNet.Artifacts/results/Zeta.Benchmarks.ValidationBenchmarks-report.html

// * Detailed results *
ValidationBenchmarks.FluentValidation_Valid: DefaultJob
Runtime = .NET 10.0.8 (10.0.8, 10.0.826.23019), Arm64 RyuJIT armv8.0-a; GC = Concurrent Workstation
Mean = 137.556 ns, StdErr = 0.612 ns (0.44%), N = 13, StdDev = 2.205 ns
Min = 135.316 ns, Q1 = 135.685 ns, Median = 136.904 ns, Q3 = 139.094 ns, Max = 141.380 ns
IQR = 3.409 ns, LowerFence = 130.572 ns, UpperFence = 144.207 ns
ConfidenceInterval = [134.915 ns; 140.197 ns] (CI 99.9%), Margin = 2.641 ns (1.92% of Mean)
Skewness = 0.56, Kurtosis = 1.73, MValue = 2
-------------------- Histogram --------------------
[134.915 ns ; 141.639 ns) | @@@@@@@@@@@@@
---------------------------------------------------

ValidationBenchmarks.FluentValidation_Valid_Async: DefaultJob
Runtime = .NET 10.0.8 (10.0.8, 10.0.826.23019), Arm64 RyuJIT armv8.0-a; GC = Concurrent Workstation
Mean = 236.334 ns, StdErr = 0.973 ns (0.41%), N = 15, StdDev = 3.770 ns
Min = 232.024 ns, Q1 = 233.560 ns, Median = 235.338 ns, Q3 = 238.222 ns, Max = 244.594 ns
IQR = 4.662 ns, LowerFence = 226.568 ns, UpperFence = 245.215 ns
ConfidenceInterval = [232.304 ns; 240.364 ns] (CI 99.9%), Margin = 4.030 ns (1.71% of Mean)
Skewness = 0.78, Kurtosis = 2.29, MValue = 2
-------------------- Histogram --------------------
[230.017 ns ; 237.565 ns) | @@@@@@@@@@@
[237.565 ns ; 246.600 ns) | @@@@
---------------------------------------------------

ValidationBenchmarks.Zeta_Valid: DefaultJob
Runtime = .NET 10.0.8 (10.0.8, 10.0.826.23019), Arm64 RyuJIT armv8.0-a; GC = Concurrent Workstation
Mean = 287.632 ns, StdErr = 0.234 ns (0.08%), N = 14, StdDev = 0.877 ns
Min = 286.092 ns, Q1 = 287.206 ns, Median = 287.534 ns, Q3 = 288.205 ns, Max = 289.321 ns
IQR = 0.998 ns, LowerFence = 285.709 ns, UpperFence = 289.703 ns
ConfidenceInterval = [286.643 ns; 288.622 ns] (CI 99.9%), Margin = 0.989 ns (0.34% of Mean)
Skewness = 0.05, Kurtosis = 2.31, MValue = 2
-------------------- Histogram --------------------
[285.615 ns ; 289.798 ns) | @@@@@@@@@@@@@@
---------------------------------------------------

ValidationBenchmarks.Zeta_Invalid: DefaultJob
Runtime = .NET 10.0.8 (10.0.8, 10.0.826.23019), Arm64 RyuJIT armv8.0-a; GC = Concurrent Workstation
Mean = 515.891 ns, StdErr = 0.390 ns (0.08%), N = 14, StdDev = 1.461 ns
Min = 513.569 ns, Q1 = 514.818 ns, Median = 515.359 ns, Q3 = 516.979 ns, Max = 518.297 ns
IQR = 2.160 ns, LowerFence = 511.578 ns, UpperFence = 520.219 ns
ConfidenceInterval = [514.243 ns; 517.539 ns] (CI 99.9%), Margin = 1.648 ns (0.32% of Mean)
Skewness = 0.29, Kurtosis = 1.69, MValue = 2
-------------------- Histogram --------------------
[512.773 ns ; 519.092 ns) | @@@@@@@@@@@@@@
---------------------------------------------------

ValidationBenchmarks.DataAnnotations_Valid: DefaultJob
Runtime = .NET 10.0.8 (10.0.8, 10.0.826.23019), Arm64 RyuJIT armv8.0-a; GC = Concurrent Workstation
Mean = 605.331 ns, StdErr = 0.708 ns (0.12%), N = 14, StdDev = 2.649 ns
Min = 599.731 ns, Q1 = 603.671 ns, Median = 605.778 ns, Q3 = 607.219 ns, Max = 609.012 ns
IQR = 3.548 ns, LowerFence = 598.349 ns, UpperFence = 612.542 ns
ConfidenceInterval = [602.343 ns; 608.319 ns] (CI 99.9%), Margin = 2.988 ns (0.49% of Mean)
Skewness = -0.44, Kurtosis = 2.21, MValue = 2
-------------------- Histogram --------------------
[598.288 ns ; 610.454 ns) | @@@@@@@@@@@@@@
---------------------------------------------------

ValidationBenchmarks.DataAnnotations_Invalid: DefaultJob
Runtime = .NET 10.0.8 (10.0.8, 10.0.826.23019), Arm64 RyuJIT armv8.0-a; GC = Concurrent Workstation
Mean = 1.016 μs, StdErr = 0.001 μs (0.11%), N = 14, StdDev = 0.004 μs
Min = 1.010 μs, Q1 = 1.014 μs, Median = 1.015 μs, Q3 = 1.018 μs, Max = 1.023 μs
IQR = 0.004 μs, LowerFence = 1.009 μs, UpperFence = 1.023 μs
ConfidenceInterval = [1.011 μs; 1.020 μs] (CI 99.9%), Margin = 0.005 μs (0.44% of Mean)
Skewness = 0.36, Kurtosis = 2.21, MValue = 2
-------------------- Histogram --------------------
[1.007 μs ; 1.026 μs) | @@@@@@@@@@@@@@
---------------------------------------------------

ValidationBenchmarks.FluentValidation_Invalid: DefaultJob
Runtime = .NET 10.0.8 (10.0.8, 10.0.826.23019), Arm64 RyuJIT armv8.0-a; GC = Concurrent Workstation
Mean = 1.914 μs, StdErr = 0.002 μs (0.12%), N = 15, StdDev = 0.009 μs
Min = 1.898 μs, Q1 = 1.909 μs, Median = 1.913 μs, Q3 = 1.918 μs, Max = 1.928 μs
IQR = 0.009 μs, LowerFence = 1.895 μs, UpperFence = 1.932 μs
ConfidenceInterval = [1.904 μs; 1.923 μs] (CI 99.9%), Margin = 0.009 μs (0.49% of Mean)
Skewness = -0.05, Kurtosis = 2.06, MValue = 2
-------------------- Histogram --------------------
[1.895 μs ; 1.933 μs) | @@@@@@@@@@@@@@@
---------------------------------------------------

ValidationBenchmarks.FluentValidation_Invalid_Async: DefaultJob
Runtime = .NET 10.0.8 (10.0.8, 10.0.826.23019), Arm64 RyuJIT armv8.0-a; GC = Concurrent Workstation
Mean = 2.068 μs, StdErr = 0.005 μs (0.22%), N = 14, StdDev = 0.017 μs
Min = 2.051 μs, Q1 = 2.055 μs, Median = 2.061 μs, Q3 = 2.075 μs, Max = 2.105 μs
IQR = 0.020 μs, LowerFence = 2.025 μs, UpperFence = 2.105 μs
ConfidenceInterval = [2.049 μs; 2.088 μs] (CI 99.9%), Margin = 0.020 μs (0.95% of Mean)
Skewness = 0.87, Kurtosis = 2.35, MValue = 2
-------------------- Histogram --------------------
[2.041 μs ; 2.115 μs) | @@@@@@@@@@@@@@
---------------------------------------------------

// * Summary *

BenchmarkDotNet v0.15.8, macOS Tahoe 26.2 (25C56) [Darwin 25.2.0]
Apple M2 Pro, 1 CPU, 12 logical and 12 physical cores
.NET SDK 10.0.300
  [Host]     : .NET 10.0.8 (10.0.8, 10.0.826.23019), Arm64 RyuJIT armv8.0-a
  DefaultJob : .NET 10.0.8 (10.0.8, 10.0.826.23019), Arm64 RyuJIT armv8.0-a


| Method                         | Mean       | Error    | StdDev   | Ratio | RatioSD | Rank | Gen0   | Gen1   | Allocated | Alloc Ratio |
|------------------------------- |-----------:|---------:|---------:|------:|--------:|-----:|-------:|-------:|----------:|------------:|
| FluentValidation_Valid         |   137.6 ns |  2.64 ns |  2.21 ns |  0.48 |    0.01 |    1 | 0.0715 |      - |     600 B |        8.33 |
| FluentValidation_Valid_Async   |   236.3 ns |  4.03 ns |  3.77 ns |  0.82 |    0.01 |    2 | 0.0801 |      - |     672 B |        9.33 |
| Zeta_Valid                     |   287.6 ns |  0.99 ns |  0.88 ns |  1.00 |    0.00 |    3 | 0.0086 |      - |      72 B |        1.00 |
| Zeta_Invalid                   |   515.9 ns |  1.65 ns |  1.46 ns |  1.79 |    0.01 |    4 | 0.1698 |      - |    1424 B |       19.78 |
| DataAnnotations_Valid          |   605.3 ns |  2.99 ns |  2.65 ns |  2.10 |    0.01 |    5 | 0.2203 |      - |    1848 B |       25.67 |
| DataAnnotations_Invalid        | 1,015.9 ns |  4.52 ns |  4.00 ns |  3.53 |    0.02 |    6 | 0.3185 | 0.0019 |    2672 B |       37.11 |
| FluentValidation_Invalid       | 1,913.6 ns |  9.31 ns |  8.71 ns |  6.65 |    0.04 |    7 | 0.8736 | 0.0076 |    7312 B |      101.56 |
| FluentValidation_Invalid_Async | 2,068.4 ns | 19.56 ns | 17.34 ns |  7.19 |    0.06 |    8 | 0.8812 | 0.0076 |    7384 B |      102.56 |

// * Hints *
Outliers
  ValidationBenchmarks.FluentValidation_Valid: Default         -> 3 outliers were removed (163.57 ns..185.00 ns)
  ValidationBenchmarks.Zeta_Valid: Default                     -> 1 outlier  was  removed (291.93 ns)
  ValidationBenchmarks.Zeta_Invalid: Default                   -> 1 outlier  was  removed (540.21 ns)
  ValidationBenchmarks.DataAnnotations_Valid: Default          -> 1 outlier  was  removed (619.23 ns)
  ValidationBenchmarks.DataAnnotations_Invalid: Default        -> 1 outlier  was  removed (1.04 μs)
  ValidationBenchmarks.FluentValidation_Invalid_Async: Default -> 1 outlier  was  removed (2.12 μs)

// * Legends *
  Mean        : Arithmetic mean of all measurements
  Error       : Half of 99.9% confidence interval
  StdDev      : Standard deviation of all measurements
  Ratio       : Mean of the ratio distribution ([Current]/[Baseline])
  RatioSD     : Standard deviation of the ratio distribution ([Current]/[Baseline])
  Rank        : Relative position of current benchmark mean among all benchmarks (Arabic style)
  Gen0        : GC Generation 0 collects per 1000 operations
  Gen1        : GC Generation 1 collects per 1000 operations
  Allocated   : Allocated memory per single operation (managed only, inclusive, 1KB = 1024B)
  Alloc Ratio : Allocated memory ratio distribution ([Current]/[Baseline])
  1 ns        : 1 Nanosecond (0.000000001 sec)

// * Diagnostic Output - MemoryDiagnoser *


// ***** BenchmarkRunner: End *****
Run time: 00:01:58 (118 sec), executed benchmarks: 8

Global total time: 00:03:47 (227.55 sec), executed benchmarks: 15
// * Artifacts cleanup *
Artifacts cleanup is finished
